ID,Address,Rooms,Type,Price,Date,Bathroom,Car,Landsize,Age,Lattitude,Longtitude
ID524428873,14 Woodmason St,3,h,1437000.0,16/04/2016,1.0,1.0,313.0,109.0,-37.8511,145.0317
ID455142191,85 Radford Rd,5,h,791000.0,18/06/2016,3.0,1.0,961.0,34.0,-37.7024,144.984
ID385314378,34 Fewster Dr,3,h,970000.0,26/08/2017,2.0,2.0,674.0,38.0,-37.8836,145.22805
ID205782381,41 Adelaide St,3,h,760000.0,23/09/2017,1.0,1.0,697.0,69.0,-37.780359999999995,144.8195
ID574190434,1/221 Westgarth St,3,t,865000.0,12/11/2016,1.0,2.0,184.0,13.0,-37.7825,145.0104
ID316830750,2/74 Daley St,3,t,555000.0,3/12/2016,2.0,2.0,244.0,59.0,-37.6969,144.9299
ID398183359,5/456 Albion St,1,u,312000.0,17/06/2017,1.0,1.0,406.0,49.0,-37.75847,144.94226
ID499123406,8 Tourello St,3,h,960000.0,24/06/2017,1.0,0.0,781.0,34.0,-37.8105,145.20106
ID608843710,25 Minogue St,6,h,1875000.0,23/09/2017,2.0,2.0,697.0,57.0,-37.79032,145.05408
ID309630222,7 Eaglet Ct,4,h,720000.0,3/06/2017,2.0,3.0,649.0,34.0,-37.676809999999996,145.06413999999995
ID475620673,50b Clyde St,3,h,1250000.0,24/09/2016,2.0,3.0,297.0,6.0,-37.7617,145.0117
ID957251945,3 Wortley Av,4,h,1640000.0,29/07/2017,2.0,2.0,811.0,59.0,-37.858579999999996,145.12053
ID778646121,29 Fuller St,3,h,950000.0,1/07/2017,1.0,2.0,608.0,44.0,-37.825829999999996,145.20608000000001
ID894859883,4/47 Middle Rd,2,u,420000.0,25/02/2017,1.0,1.0,0.0,49.0,-37.7678,144.8899
ID264461238,30 Moorhouse St,4,h,2990000.0,20/05/2017,2.0,2.0,742.0,22.0,-37.8284,145.0673
ID277180937,307/185 Rose St,1,u,456000.0,8/07/2017,1.0,1.0,0.0,8.0,-37.79636,144.98394
ID227991548,33 Mountain St,2,h,1150000.0,7/05/2016,1.0,0.0,113.0,163.0,-37.8373,144.9493
ID796986990,4/5 Selwyn Ct,3,u,922500.0,29/04/2017,1.0,2.0,4657.0,39.0,-37.8421,145.0237
ID525251239,25 Garnet St,5,h,1300000.0,16/07/2016,2.0,2.0,616.0,69.0,-37.7497,144.8867
ID963466840,53 Mater St,2,h,1080000.0,22/07/2017,1.0,0.0,0.0,129.0,-37.79589,144.98863
ID166583203,69 MacPherson St,2,h,757500.0,22/08/2016,1.0,0.0,258.0,119.0,-37.7959,144.8901
ID805600006,7 Dudley St,4,h,1615000.0,16/07/2016,2.0,3.0,758.0,29.0,-37.7668,145.03799999999995
ID381832588,101 Charles St,2,h,911000.0,22/07/2017,1.0,0.0,141.0,139.0,-37.805859999999996,144.99499
ID914128026,1/572 Moreland Rd,3,t,797500.0,11/02/2017,2.0,2.0,262.0,9.0,-37.7519,144.9324
ID535003853,310/53 Batman St,1,u,380000.0,15/07/2017,1.0,0.0,68.0,6.0,-37.810959999999994,144.95147
ID615260393,44 Milton Pde,3,h,780000.0,3/06/2017,1.0,1.0,546.0,129.0,-37.69388,145.06463
ID390687116,10 Shearers Ct,5,h,1360000.0,19/08/2017,3.0,2.0,882.0,49.0,-37.85995,145.18579
ID745673866,11/6 Byron St,1,u,313000.0,25/02/2017,1.0,1.0,0.0,59.0,-37.8766,144.991
ID730229838,6/24 Kensington Rd,2,t,1365000.0,8/10/2016,2.0,1.0,1302.0,129.0,-37.8377,145.0021
ID843424799,16 Conifer St,3,h,1520000.0,16/09/2017,1.0,3.0,627.0,5.0,-37.94515,145.01886000000005
ID395670497,93 Parkmore Rd,3,h,1206000.0,3/12/2016,1.0,2.0,603.0,59.0,-37.9155,145.0723
ID584559111,110 Bell St,3,h,710000.0,29/04/2017,1.0,1.0,160.0,119.0,-37.7411,144.9657
ID587458644,1/1478 Dandenong Rd,3,u,690000.0,15/10/2016,1.0,2.0,340.0,89.0,-37.8968,145.0983
ID599801210,103 Longview Rd,4,h,2000000.0,13/05/2017,2.0,2.0,627.0,64.0,-37.7848,145.0788
ID897593954,328 Waterview Bvd,3,h,552000.0,23/09/2017,2.0,2.0,448.0,9.0,-37.57869,144.91069
ID685653318,22 Champion St,3,h,2375000.0,17/09/2016,2.0,2.0,547.0,19.0,-37.9271,145.0034
ID724212831,17/93 Highett Rd,2,u,450000.0,25/02/2017,2.0,1.0,0.0,12.0,-37.9462,145.0212
ID741308474,11 Kerferd St,3,h,1610000.0,18/06/2016,1.0,2.0,569.0,69.0,-37.9419,145.01
ID713601086,1 Chisholm St,3,u,726000.0,24/09/2016,1.0,1.0,229.0,23.0,-37.7606,144.8973
ID575467875,4/3 Brookfield Ct,1,u,430000.0,25/02/2017,1.0,1.0,2276.0,69.0,-37.8343,145.0547
ID806402474,167 Victoria Dr,3,h,740000.0,3/06/2017,2.0,2.0,545.0,36.0,-37.68403,144.99246000000005
ID881836245,31 Elder Pde,3,h,1500000.0,28/05/2016,2.0,3.0,440.0,89.0,-37.7524,144.9074
ID466256389,1/48 Keilor Rd,2,u,340000.0,18/06/2016,1.0,1.0,0.0,59.0,-37.7433,144.9074
ID115036303,4/6 Crefden St,2,u,360000.0,23/04/2016,2.0,1.0,0.0,69.0,-37.7776,144.8723
ID521656880,239 Punt Rd,3,h,1570000.0,27/06/2016,1.0,2.0,248.0,59.0,-37.8198,144.9899
ID352602204,9/88 Marshall St,2,u,480000.0,3/09/2016,1.0,1.0,0.0,69.0,-37.77,145.0472
ID383847147,6 McShane St,3,h,779000.0,18/06/2016,1.0,2.0,945.0,34.0,-37.7027,145.0001
ID494300549,37 Roberts St,3,h,891000.0,18/06/2016,3.0,1.0,292.0,21.0,-37.7505,144.8657
ID173068840,17 Hoffmans Rd,4,h,1422000.0,4/06/2016,2.0,2.0,505.0,6.0,-37.7518,144.8897
ID137024254,24 Merrett Dr,4,h,1172000.0,19/11/2016,2.0,2.0,344.0,49.0,-37.8617,144.8799
ID319711644,3/28 Ormond Rd,2,u,432000.0,15/10/2016,1.0,1.0,0.0,41.0,-37.773,144.9303
ID946117206,10/3 Allard St,1,u,275000.0,15/07/2017,1.0,1.0,1388.0,49.0,-37.7684,144.94214
ID755842592,3/113 Tennyson St,2,t,595000.0,3/12/2016,1.0,2.0,752.0,29.0,-37.7553,144.9302
ID493605827,203/11 Hillingdon Pl,3,u,710000.0,4/06/2016,1.0,1.0,0.0,119.0,-37.8516,144.9943
ID984765518,3 Karen Ct,3,h,670000.0,4/06/2016,2.0,2.0,671.0,11.0,-37.7593,144.871
ID543524615,16/341 Heidelberg Rd,2,u,420000.0,8/04/2017,1.0,1.0,1000.0,44.0,-37.7836,145.0139
ID733403290,28 Greenwood Dr,3,h,805000.0,1/07/2017,1.0,2.0,669.0,49.0,-37.70834,145.05424
ID872851805,23 Kuranga Rd,4,h,1140000.0,8/04/2017,2.0,4.0,863.0,89.0,-37.7317,145.0952
ID227991548,33 Mountain St,2,h,1150000.0,7/05/2016,1.0,0.0,113.0,163.0,-37.8373,144.9493
ID301229900,6 Younger St,4,h,931000.0,28/05/2016,1.0,1.0,412.0,99.0,-37.7432,144.9768
ID274412932,28 Higgins Cl,4,h,915000.0,12/08/2017,2.0,2.0,649.0,39.0,-37.971579999999996,145.12634
ID242137521,5 Edgar St,5,h,1266000.0,3/06/2017,2.0,2.0,601.0,29.0,-37.7296,145.00714
ID431054424,106 Newry St,3,h,1625000.0,20/05/2017,1.0,0.0,204.0,139.0,-37.7911,144.9818
ID855422168,2/19 Glanfield St,2,u,665000.0,18/03/2017,1.0,1.0,120.0,44.0,-37.7715,145.0075
ID234670611,1/28 Seves St,3,h,712000.0,17/09/2016,1.0,2.0,363.0,6.0,-37.8674,144.8375
ID410032735,2/530 Victoria St,2,u,497000.0,28/05/2016,1.0,1.0,0.0,42.0,-37.7647,144.9412
ID410104937,47A Madden St,3,h,755000.0,12/08/2017,2.0,2.0,0.0,9.0,-37.78966,144.87821
ID398734467,1/57 Blyth St,3,u,730000.0,16/04/2016,2.0,1.0,70.0,29.0,-37.868,144.8287
ID885024140,13/37 Greville St,1,u,342000.0,3/09/2016,1.0,1.0,0.0,59.0,-37.8486,144.9872
ID246996550,4 Nandeen Ct,4,h,590000.0,15/07/2017,2.0,2.0,757.0,39.0,-37.72483,144.8143
ID388692370,22 Sycamore St,3,h,1450000.0,13/08/2016,2.0,1.0,478.0,94.0,-37.8893,145.0161
ID771306773,12 Auckland St,3,h,1365000.0,1/07/2017,1.0,1.0,776.0,94.0,-37.92487,145.04703
ID180700048,18/24 Dongola Rd,2,t,620000.0,10/09/2016,1.0,1.0,144.0,49.0,-37.7926,144.8809
ID539023716,29 Tennyson St,3,h,950000.0,13/05/2017,1.0,0.0,220.0,99.0,-37.8077,144.8883
ID122192065,5 Lola St,5,h,880000.0,23/09/2017,3.0,2.0,654.0,59.0,-37.929140000000004,145.17372
ID758306752,43 Ballantyne St,2,h,925000.0,24/09/2016,1.0,1.0,258.0,49.0,-37.7584,144.9971
ID351903113,2/6 McKay St,2,u,500000.0,7/11/2016,1.0,1.0,0.0,49.0,-37.7405,144.9644
ID165552593,2/2 Walter St,3,t,970000.0,1/07/2017,2.0,1.0,263.0,3.0,-37.8179,145.20658
ID922640260,3 Waratah Dr,4,h,1201000.0,3/09/2016,2.0,2.0,657.0,41.0,-37.7624,145.1175
ID470285370,1/36 Pleasant Rd,4,t,1738000.0,15/10/2016,3.0,2.0,324.0,17.0,-37.8348,145.0503
ID758306752,43 Ballantyne St,2,h,925000.0,24/09/2016,1.0,1.0,258.0,49.0,-37.7584,144.9971
ID498336079,638 Riversdale Rd,3,h,1750000.0,25/02/2017,2.0,3.0,780.0,29.0,-37.8328,145.0679
ID352194339,5/28 Hampton Pde,2,h,415000.0,10/09/2016,1.0,1.0,80.0,39.0,-37.806,144.8674
ID384557170,7 Fairbairn Rd,3,h,520000.0,3/06/2017,2.0,2.0,535.0,39.0,-37.79414000000001,144.81855
ID793698766,45 Yarra St,3,h,1195000.0,27/11/2016,2.0,1.0,120.0,21.0,-37.8022,144.9954
ID203171707,10 Parton Ct,4,h,1455000.0,3/06/2017,2.0,2.0,608.0,81.0,-37.891059999999996,145.04675
ID390059012,3/23 Christine St,2,u,556000.0,3/12/2016,1.0,1.0,195.0,24.0,-37.7405,145.0876
ID216276641,5/35 Moonya Rd,2,u,585000.0,27/06/2016,1.0,1.0,108.0,49.0,-37.8973,145.0596
ID806103314,10 Canning St,4,h,2920000.0,3/09/2016,3.0,4.0,310.0,139.0,-37.7958,144.944
ID729781405,8/67 Denham St,1,u,415000.0,24/09/2016,1.0,1.0,0.0,129.0,-37.8192,145.0221
ID754203853,2/7 Fawkner St,2,u,380000.0,18/03/2017,1.0,1.0,622.0,49.0,-37.7557,144.8966
ID360647364,98 Wonga Rd,4,h,999999.0,23/09/2017,2.0,2.0,657.0,7.0,-37.79053,145.2472
ID163669032,1/22 Nonna St,3,h,875000.0,8/07/2017,2.0,2.0,295.0,13.0,-37.90088,145.11692
ID211729264,199 Moor St,1,h,947500.0,7/11/2016,1.0,0.0,87.0,39.0,-37.8019,144.9821
ID918660425,4/379 Dandenong Rd,2,u,595000.0,17/06/2017,1.0,1.0,0.0,69.0,-37.860479999999995,145.01498
ID286614327,11 Rebecca Cl,5,h,835500.0,29/07/2017,5.0,4.0,570.0,29.0,-38.03335,145.13212
ID386128852,114 Reynard St,3,h,1064000.0,8/10/2016,2.0,1.0,417.0,79.0,-37.7478,144.9583
ID412110316,19A Cardinal Rd,4,h,1250000.0,29/04/2017,2.0,3.0,568.0,16.0,-37.7136,144.92700000000005
ID272861798,10 Haynes St,4,h,1535000.0,22/07/2017,2.0,2.0,719.0,21.0,-37.94999,145.03122
ID471626948,211A Woods St,4,h,980000.0,9/09/2017,3.0,2.0,622.0,14.0,-37.84471,144.86594
ID156078917,189 Glenlyon Rd,3,h,1125000.0,18/03/2017,1.0,2.0,369.0,5.0,-37.7727,144.9736
ID880124264,50 Andrew St,2,h,1500000.0,19/11/2016,1.0,2.0,0.0,91.0,-37.8518,144.9868
ID470705348,6 Audrey Cr,5,h,3000000.0,9/09/2017,3.0,2.0,775.0,84.0,-37.85855,145.07775
ID315961686,8/98 George St,1,u,420000.0,25/02/2017,1.0,1.0,782.0,44.0,-37.8055,144.9809
ID416600038,137 Ingles St,3,t,950000.0,27/11/2016,2.0,2.0,0.0,7.0,-37.8317,144.9446
ID409709643,7 Austin Rd,3,h,1050000.0,15/10/2016,2.0,2.0,357.0,49.0,-37.9449,145.0144
ID396445007,10/270 Williams Rd,1,u,350000.0,22/07/2017,1.0,1.0,0.0,49.0,-37.841570000000004,145.00468999999995
ID403668714,80 Coventry St,3,h,1220000.0,12/11/2016,1.0,1.0,0.0,7.0,-37.8288,144.9679
ID551288489,5/9 Rockley Rd,2,u,792500.0,22/04/2017,1.0,1.0,0.0,49.0,-37.8383,144.9995
ID343478048,130 Mitchell St,3,h,1090000.0,24/09/2016,1.0,2.0,318.0,44.0,-37.7733,145.0078
ID654215941,1/24 Edwards St,3,t,1145000.0,18/03/2017,2.0,2.0,329.0,69.0,-37.8484,145.1013
ID624821769,12b Coates St,4,t,1435000.0,6/08/2016,3.0,2.0,291.0,7.0,-37.9278,145.0337
ID511661296,59A Nolan St,3,t,1150000.0,19/08/2017,2.0,1.0,317.0,7.0,-37.74103,144.8851
ID441354312,9 Dale St,4,h,1100000.0,14/05/2016,2.0,2.0,586.0,12.0,-37.7648,144.8881
ID508261249,9/36 The Avenue,2,u,700000.0,12/08/2017,0.0,0.0,0.0,79.0,-37.87149,144.99746000000005
ID448817701,3/8 Ashted Rd,2,u,636000.0,19/11/2016,1.0,1.0,151.0,49.0,-37.8234,145.1235
ID200279635,6/4 Ballater St,2,u,521000.0,10/09/2016,1.0,1.0,0.0,49.0,-37.7504,144.9051
ID548722499,15 Marian Ct,4,h,950000.0,9/09/2017,2.0,2.0,651.0,29.0,-37.68739,145.14437
ID883395444,5 Hedgerow Ct,3,h,565000.0,23/09/2017,1.0,2.0,619.0,69.0,-37.74521,144.76863
ID763800602,101 The Fairway,4,h,610000.0,12/11/2016,1.0,1.0,465.0,49.0,-37.7126,145.03
ID762665662,171 Sterling Dr,3,h,695000.0,27/06/2016,1.0,3.0,0.0,59.0,-37.7483,144.85
ID143412918,34 Showers St,3,h,970000.0,3/06/2017,1.0,1.0,345.0,69.0,-37.74818,144.99825
ID355167448,71 Barkly St,5,h,2000000.0,4/03/2017,2.0,2.0,436.0,109.0,-37.8618,144.982
ID533274968,11 Margaret Gr,4,h,1900000.0,27/11/2016,2.0,2.0,556.0,89.0,-37.7844,145.0225
ID525078143,142 Elder St,3,h,815000.0,12/08/2017,2.0,2.0,609.0,39.0,-37.716359999999995,145.09792
ID238851619,15 Dover St,2,h,1065000.0,4/03/2017,1.0,1.0,273.0,89.0,-37.895,145.02200000000005
ID756035500,2/14 Drysdale St,2,u,330000.0,16/07/2016,1.0,1.0,90.0,49.0,-37.7295,145.0243
ID949308195,34 Moffat St,4,h,2770000.0,19/08/2017,3.0,2.0,560.0,19.0,-37.923140000000004,144.99777
ID121205562,69 Lloyd St,4,h,1635000.0,11/02/2017,2.0,3.0,0.0,24.0,-37.7354,144.9128
ID224864924,13 Hotham Rd,3,h,1450000.0,29/04/2017,1.0,1.0,650.0,4.0,-37.7368,144.8886
ID155519306,2 Hazel St,5,h,2125000.0,28/05/2016,3.0,2.0,603.0,39.0,-37.8437,145.069
ID222616277,72 Chirnside St,4,h,1275000.0,24/09/2016,2.0,1.0,274.0,109.0,-37.8078,144.8825
ID791614867,268 Faraday St,1,u,435000.0,13/08/2016,1.0,1.0,0.0,19.0,-37.7982,144.9651
ID949106311,119 Hannan St,4,h,2200000.0,12/08/2017,3.0,2.0,650.0,49.0,-37.85925,144.88761
ID184034953,21 Barkly St,3,h,1200000.0,10/12/2016,1.0,2.0,550.0,69.0,-37.8275,145.1298
ID938171416,18 Warruga Pl,3,h,1010000.0,15/07/2017,2.0,2.0,582.0,49.0,-37.71325,145.09532
ID657543499,607/2 McGoun St,2,u,592000.0,22/07/2017,2.0,2.0,2044.0,8.0,-37.817,144.99553999999995
ID692820253,41 Patricia St,4,h,1250000.0,19/08/2017,2.0,2.0,534.0,49.0,-37.74514,144.87313
ID287556194,50 Park Rd,2,h,1515000.0,14/05/2016,1.0,0.0,98.0,119.0,-37.8541,144.9665
ID479328921,2/36 Alpine Gr,3,t,600000.0,27/11/2016,2.0,1.0,122.0,21.0,-37.7231,144.9373
ID227858765,54 Cooper St,5,h,2335000.0,26/08/2017,2.0,6.0,1012.0,104.0,-37.74967,144.8977
ID964020777,48 Hamilton St,4,h,1502000.0,26/08/2017,3.0,1.0,934.0,5.0,-37.80898,144.88701
ID511817063,6/51 Armadale St,2,u,704000.0,19/11/2016,1.0,1.0,0.0,50.0,-37.8573,145.0186
ID430236744,35 Belgrave St,3,h,1285000.0,22/07/2017,1.0,2.0,579.0,89.0,-37.744820000000004,144.97499
ID754970436,5 Ballarat Rd,2,h,610000.0,19/08/2017,1.0,2.0,208.0,44.0,-37.78865,144.88276000000005
ID390409221,10/79 Oxford St,2,u,1260000.0,3/09/2016,1.0,1.0,0.0,119.0,-37.8042,144.9845
ID667901406,50 Swanston St,3,h,662500.0,28/05/2016,1.0,4.0,552.0,64.0,-37.7379,145.0514
ID244704001,18 Rooding St,3,h,1635000.0,3/09/2016,1.0,2.0,366.0,99.0,-37.9038,145.0001
ID166291596,9 Rockaway Dr,4,h,1155000.0,22/04/2017,2.0,3.0,780.0,69.0,-37.7308,145.0932
ID187135066,39 Wilkinson St,2,h,800000.0,3/09/2017,1.0,0.0,140.0,129.0,-37.76806,144.9598
ID129552339,1 Tudor St,3,h,820000.0,10/12/2016,2.0,4.0,805.0,69.0,-37.708,144.9211
ID744258792,47 Brougham St,3,h,1668000.0,11/02/2017,2.0,2.0,289.0,49.0,-37.8048,145.0303
ID152552205,17 Weybridge St,3,h,2300000.0,27/06/2016,2.0,1.0,735.0,99.0,-37.8182,145.096
ID493702626,79 New Rd,4,h,1071888.0,17/06/2017,2.0,4.0,553.0,18.0,-37.71328,144.90585
ID937968054,688 North Rd,4,h,1486000.0,13/05/2017,2.0,1.0,618.0,24.0,-37.9051,145.0473
ID287591407,1 Davison St,3,h,1000000.0,24/09/2016,1.0,1.0,370.0,104.0,-37.7632,144.9572
ID688918911,28 Loller St,2,h,1570000.0,12/11/2016,1.0,0.0,352.0,99.0,-37.9154,145.001
ID801584160,7/1 Princess St,2,t,895000.0,18/06/2016,1.0,1.0,0.0,6.0,-37.8209,145.0014
ID877284757,24/18 Station Rd,2,u,415000.0,15/10/2016,1.0,1.0,0.0,39.0,-37.857,144.891
ID123883120,306/96 charles St,2,u,660000.0,23/04/2016,2.0,0.0,0.0,129.0,-37.8035,144.9826
ID648895509,3 Diosma Ct,3,h,1155000.0,26/08/2017,2.0,2.0,2405.0,39.0,-38.16457,145.12421
ID230136626,7/21 Elphin Gr,1,u,330000.0,7/05/2016,1.0,1.0,0.0,49.0,-37.8177,145.0424
ID793044381,5/68 Brown St,2,u,546500.0,3/12/2016,1.0,1.0,132.0,47.0,-37.7519,145.0687
ID684848480,1/514 Bluff Rd,3,t,820000.0,27/11/2016,2.0,2.0,0.0,69.0,-37.9368,145.0242
ID869662138,19 Dena Ct,4,h,1860000.0,24/06/2017,3.0,3.0,682.0,24.0,-37.7572,145.15456
ID326229366,17 Adeney St,3,h,982500.0,15/07/2017,2.0,2.0,444.0,74.0,-37.81662,144.866
ID318898401,16/43 Arndt Rd,2,u,541000.0,22/07/2017,1.0,1.0,133.0,9.0,-37.72136,144.92932
ID877736099,13 Rosemary Dr,3,h,572000.0,27/05/2017,1.0,2.0,640.0,44.0,-37.6591,145.00548999999995
ID139363487,2/25 Stanlake St,3,t,699000.0,24/09/2016,1.0,1.0,125.0,19.0,-37.7922,144.8831
ID165421583,22 Keith St,4,h,1300000.0,24/06/2017,2.0,2.0,597.0,49.0,-37.99232,145.08469
ID158974375,15 Viewbank Dr,4,h,816000.0,4/03/2017,2.0,1.0,540.0,41.0,-37.7482,144.877
ID400544111,2/52 Barton St,2,u,807000.0,17/06/2017,1.0,1.0,1501.0,59.0,-37.81665,145.10043000000005
ID713046949,13 Sussex St,5,h,1415000.0,17/09/2016,3.0,6.0,705.0,14.0,-37.864000000000004,144.8437
ID997048064,41 Balerno Cir,3,h,504000.0,6/08/2016,2.0,1.0,215.0,15.0,-37.709,144.8964
ID635619473,18 William St,3,h,575000.0,27/11/2016,1.0,1.0,338.0,59.0,-37.7212,144.8545
ID605418765,4/738 Centre Rd,2,u,716000.0,10/12/2016,1.0,2.0,212.0,59.0,-37.9218,145.0607
ID257448796,29 Rosamond Rd,3,h,725000.0,7/11/2016,1.0,2.0,305.0,59.0,-37.7858,144.8834
ID526542950,6 Cliff St,2,h,1200000.0,27/06/2016,1.0,0.0,176.0,79.0,-37.8436,144.9925
ID270192954,8/107 Victoria Rd,1,u,440000.0,8/04/2017,1.0,1.0,2306.0,49.0,-37.8227,145.0528
ID712881136,3/14 Merton St,1,u,421000.0,24/09/2016,1.0,1.0,0.0,27.0,-37.7753,145.0419
ID313890412,206 South Rd,4,h,1725000.0,19/11/2016,3.0,2.0,798.0,49.0,-37.9311,145.0169
ID609125238,171 Mansfield St,3,h,1130000.0,20/05/2017,1.0,1.0,381.0,101.0,-37.7575,145.0128
ID211580462,205/96 Charles St,1,u,490000.0,15/07/2017,1.0,1.0,0.0,6.0,-37.80348,144.98256999999995
ID421697349,1/315 Flemington Rd,1,u,340000.0,3/12/2016,1.0,1.0,0.0,49.0,-37.7916,144.9443
ID538375618,3/23 Walstab St,3,u,1245000.0,28/05/2016,2.0,1.0,227.0,21.0,-37.9191,145.0074
ID405461592,2 Thompson St,3,h,725000.0,12/11/2016,1.0,1.0,545.0,59.0,-37.7088,145.0893
ID354076401,8 Norma Ct,3,h,850000.0,3/09/2016,1.0,1.0,593.0,49.0,-37.7677,144.8674
ID895925497,527 Kings Rd,3,h,790500.0,3/06/2017,2.0,2.0,808.0,14.0,-37.6943,144.78187
ID795064284,5 Halpin St,3,h,1200000.0,4/06/2016,1.0,1.0,600.0,49.0,-37.769,144.9478
ID739577715,3 Cross St,3,h,652000.0,8/10/2016,2.0,1.0,216.0,9.0,-37.7865,144.8605
ID589073637,141 Gold St,2,h,845500.0,7/05/2016,1.0,1.0,179.0,129.0,-37.7742,144.9542
ID902830160,196 Blyth St,5,h,1480000.0,13/05/2017,3.0,4.0,725.0,39.0,-37.8712,144.8107
ID425080020,3/50 Berembong Dr,2,u,490000.0,13/05/2017,1.0,2.0,220.0,18.0,-37.7346,144.8584
ID209165192,3/3 Iramoo St,3,t,1367000.0,10/12/2016,2.0,2.0,219.0,16.0,-37.8125,145.0849
ID827841015,78 Arnold St,3,h,1540000.0,12/08/2017,2.0,1.0,288.0,79.0,-37.78311,144.96548
ID618644849,6 Kennedy St,3,h,1365000.0,17/09/2016,1.0,1.0,301.0,84.0,-37.8134,145.0055
ID650392186,2/41 Kangaroo Rd,3,u,1220500.0,24/06/2017,2.0,2.0,462.0,54.0,-37.89767,145.07332
ID402477788,30 Grange Rd,4,h,1905000.0,3/09/2017,2.0,2.0,1471.0,59.0,-38.15984,145.10884
ID982646164,20 Shoobra Rd,4,h,2806000.0,19/11/2016,3.0,2.0,669.0,89.0,-37.8871,145.0081
ID935769680,20 Caroline St,3,h,705000.0,27/05/2017,1.0,2.0,545.0,44.0,-37.68035,145.00925
ID731310769,2/34 Browns Rd,4,t,1120000.0,28/05/2016,2.0,2.0,209.0,59.0,-37.9213,145.0565
ID722451352,8/109 Melville Rd,2,u,370000.0,24/09/2016,1.0,1.0,0.0,49.0,-37.7606,144.9443
ID946117206,10/3 Allard St,1,u,275000.0,15/07/2017,1.0,1.0,1388.0,49.0,-37.7684,144.94214
ID835575919,9a Arden Ct,3,t,1963000.0,24/09/2016,2.0,2.0,426.0,9.0,-37.7917,145.0585
ID973985839,60 Childers St,3,h,1500000.0,27/11/2016,1.0,2.0,857.0,78.0,-37.7981,145.0423
ID764736242,84 May St,4,h,970000.0,25/02/2017,1.0,2.0,708.0,59.0,-37.833,144.8494
ID731410323,1/143 Bradshaw St,2,u,762000.0,3/06/2017,1.0,1.0,195.0,9.0,-37.74125,144.89502
ID973875185,1/392 Burwood Hwy,3,t,752000.0,17/09/2016,2.0,2.0,217.0,26.0,-37.8522,145.1312
ID380365474,14 Hutchinson St,3,h,998000.0,23/04/2016,1.0,2.0,104.0,19.0,-37.7723,144.9761
ID428230767,1/6 Corhampton Rd,3,u,1600000.0,29/07/2017,2.0,2.0,314.0,7.0,-37.793859999999995,145.06746
ID782907285,41 Dongola Rd,4,h,955000.0,15/07/2017,1.0,3.0,459.0,49.0,-37.79433,144.88001
ID378404841,5/35 Durham Rd,2,h,600000.0,28/05/2016,1.0,1.0,163.0,91.0,-37.8294,145.0913
ID757898945,1 Caroline St,3,h,669000.0,22/07/2017,1.0,1.0,713.0,59.0,-37.98997,145.2254
ID464991583,325 Belmore Rd,5,h,3250000.0,6/08/2016,4.0,2.0,886.0,6.0,-37.804,145.0951
ID858791644,283 Tyler St,3,h,928000.0,18/03/2017,2.0,1.0,0.0,69.0,-37.7307,145.0097
ID607173495,15 Biscop Rd,2,h,1191000.0,27/11/2016,1.0,2.0,756.0,69.0,-37.94,145.0449
ID232048523,25 Prince St,3,u,1170000.0,16/09/2017,2.0,1.0,292.0,69.0,-37.73727,144.8986
ID387224165,7 Motherwell St,4,h,2667000.0,27/11/2016,3.0,2.0,446.0,119.0,-37.8454,144.9989
ID386128852,114 Reynard St,3,h,1064000.0,8/10/2016,2.0,1.0,417.0,79.0,-37.7478,144.9583
ID702592777,16 Milford St,2,h,760000.0,28/08/2016,1.0,2.0,255.0,89.0,-37.8469,144.8766
ID158999276,124 Cole St,4,h,1761000.0,6/08/2016,2.0,3.0,615.0,99.0,-37.8956,145.0026
ID440699000,32 Caroline St,4,h,3010000.0,10/09/2016,3.0,2.0,382.0,116.0,-37.7897,144.9992
ID661853439,8 Neptune St,2,h,965000.0,22/08/2016,1.0,0.0,158.0,119.0,-37.8201,145.007
ID764518840,12 Black St,4,h,952000.0,8/04/2017,2.0,2.0,729.0,49.0,-37.711,145.08100000000005
ID337914978,1/36 The Avenue,2,u,585000.0,15/07/2017,1.0,1.0,598.0,44.0,-37.87149,144.99746000000005
ID609350963,13 Crispe St,4,h,1100000.0,3/06/2017,2.0,2.0,665.0,109.0,-37.72787,144.99423000000004
ID636472299,23/530 Toorak Rd,2,u,511000.0,27/06/2016,1.0,2.0,0.0,49.0,-37.8424,145.0184
ID332760338,1/34 Cumming St,5,h,1060000.0,12/06/2016,3.0,2.0,326.0,6.0,-37.8528,145.1129
ID251674683,8 Leo St,4,h,1110000.0,17/09/2016,2.0,2.0,583.0,59.0,-37.9262,145.0624
ID673828592,31 Frederick St,4,h,1320000.0,7/05/2016,2.0,1.0,319.0,104.0,-37.8197,144.8957
ID689163405,37 William St,3,h,1240000.0,11/03/2017,1.0,1.0,503.0,19.0,-37.7456,144.9059
ID655465882,2 Viewbank Rd,3,h,1260000.0,15/07/2017,1.0,2.0,743.0,59.0,-37.8958,145.11969
ID946585144,6 Epping St,3,h,750000.0,9/09/2017,1.0,3.0,665.0,49.0,-37.70444000000001,144.95273999999995
ID707309266,13 York Av,4,h,2040000.0,23/09/2017,2.0,2.0,585.0,59.0,-37.7709,145.05676
ID198657690,25 Faversham Rd,4,h,2510000.0,13/05/2017,3.0,2.0,789.0,99.0,-37.8214,145.0843
ID701739270,251 Bell St,2,h,760000.0,8/07/2017,1.0,2.0,378.0,99.0,-37.740109999999994,144.95266999999996
ID722624684,17 Addison St,3,h,1700000.0,16/04/2016,2.0,2.0,316.0,109.0,-37.875,144.9813
ID953451257,2/49 McIntosh St,2,u,500000.0,4/03/2017,1.0,1.0,168.0,8.0,-37.7215,144.8864
ID920186558,6 Wicklow St,3,h,800000.0,13/05/2017,1.0,2.0,506.0,49.0,-37.7187,144.9433
ID335832646,2/19 Elm St,2,u,745000.0,4/03/2017,1.0,1.0,161.0,49.0,-37.8327,145.106
ID599479222,11 Griffiths Ct,4,h,750000.0,17/06/2017,2.0,1.0,811.0,3.0,-37.95187,145.21249
ID677328192,24 Gadd St,5,h,1351000.0,13/05/2017,3.0,2.0,707.0,64.0,-37.9098,145.097
ID704226353,11 Thornton St,4,h,890000.0,16/09/2017,2.0,2.0,1010.0,59.0,-37.728809999999996,145.13703999999996
ID637311098,3/302 Grange Rd,2,u,405000.0,28/08/2016,1.0,1.0,0.0,49.0,-37.9031,145.0444
ID904907041,3/20 Briggs St,4,t,970000.0,24/06/2017,2.0,2.0,196.0,823.0,-37.89456,145.11388
ID882778448,158 Neville St,2,h,1300000.0,8/04/2017,1.0,0.0,132.0,119.0,-37.8527,144.9657
ID667883882,712/8 Howard St,2,u,927000.0,29/07/2017,1.0,2.0,0.0,19.0,-37.83305,144.99745
ID329624992,221 Bluff Rd,4,h,1490000.0,26/08/2017,2.0,2.0,503.0,89.0,-37.95685,145.01977
ID510256377,10 Patricia Dr,3,h,617000.0,23/04/2016,1.0,1.0,540.0,59.0,-37.6973,144.96200000000005
ID828387705,13 McDougall St,2,h,619000.0,13/08/2016,1.0,2.0,640.0,49.0,-37.7038,144.9638
ID811718567,9/60 Carlisle St,2,u,615000.0,17/06/2017,1.0,1.0,1123.0,99.0,-37.86736,144.98391
ID543477219,2 Marquis Rd,3,h,895000.0,22/05/2016,1.0,2.0,0.0,59.0,-37.9307,145.0444
ID576125274,73 Hilma St,3,h,760000.0,29/07/2017,1.0,2.0,1143.0,39.0,-37.79135,144.79948000000005
ID599663550,160 Hyde St,3,h,871000.0,3/12/2016,2.0,2.0,428.0,54.0,-37.8167,144.8965
ID214732540,262 Union Rd,4,h,3290000.0,22/05/2016,3.0,2.0,1007.0,109.0,-37.8135,145.0995
ID340097462,53 Mary St,3,h,1410000.0,26/07/2016,2.0,1.0,442.0,27.0,-37.8046,145.0382
ID454233080,5 Palmerston Cr,3,h,850000.0,12/08/2017,1.0,1.0,884.0,51.0,-38.1632,145.10766
ID673263991,17 Rusden St,4,h,1500000.0,30/07/2016,2.0,1.0,549.0,29.0,-37.8869,144.9982
ID611896791,87 Nicholson St,4,h,1085000.0,19/08/2017,2.0,1.0,430.0,99.0,-37.7505,144.97648999999996
ID140988615,2 Bruce St,2,h,2000000.0,8/04/2017,1.0,2.0,465.0,84.0,-37.7424,145.0026
ID907240967,217 Victoria St,3,h,1210000.0,6/05/2017,1.0,0.0,282.0,119.0,-37.7674,144.966
ID155519306,2 Hazel St,5,h,2125000.0,28/05/2016,3.0,2.0,603.0,39.0,-37.8437,145.069
ID368889991,47 Roberts St,3,t,785000.0,8/10/2016,2.0,2.0,610.0,49.0,-37.7504,144.8645
ID913880808,13/506 Glenferrie Rd,1,u,290000.0,22/05/2016,1.0,1.0,1568.0,14.0,-37.8308,145.034
ID495424851,12/5 Summerlea Gr,1,u,275000.0,13/05/2017,1.0,0.0,479.0,49.0,-37.8292,145.0322
ID856113119,2/2 Harrison St,3,h,720000.0,25/02/2017,2.0,1.0,231.0,7.0,-37.7527,145.0392
ID720648011,15 Loudon Rd,5,h,1590000.0,3/09/2016,3.0,2.0,661.0,79.0,-37.848,145.09799999999996
ID574679920,33a Westbrook St,3,h,1300000.0,15/10/2016,1.0,2.0,378.0,89.0,-37.7956,145.0525
ID880656809,56 Pecham St,3,h,621000.0,22/04/2017,1.0,1.0,694.0,49.0,-37.6977,144.9116
ID560758247,1/58 Coorigil Rd,2,u,605000.0,27/11/2016,1.0,1.0,0.0,46.0,-37.8956,145.0613
ID420725543,81 Kubis Dr,4,h,1005000.0,29/07/2017,2.0,2.0,785.0,69.0,-37.79465,145.2244
ID927324365,6 Abbott St,4,h,1161000.0,25/02/2017,2.0,5.0,742.0,19.0,-37.8248,144.8707
ID189440472,2/11 Howe St,2,u,740000.0,6/08/2016,1.0,1.0,161.0,39.0,-37.8955,145.07299999999995
ID566458312,41 Burgundy Dr,3,h,1180000.0,15/10/2016,1.0,2.0,657.0,59.0,-37.7807,145.1193
ID391655779,21 Hughes St,3,h,575000.0,10/12/2016,1.0,3.0,559.0,64.0,-37.7923,144.852
ID537381402,124 Raleigh St,5,h,560000.0,27/05/2017,2.0,2.0,626.0,7.0,-37.67688,144.88996
ID946811532,3/11 Frank St,4,t,973500.0,27/11/2016,2.0,2.0,234.0,10.0,-37.7932,145.1275
ID329716071,10 Columba St,3,h,1590000.0,27/05/2017,1.0,1.0,697.0,64.0,-37.78483,145.07477
ID659298165,139 Cruikshank St,3,t,1565000.0,16/04/2016,1.0,2.0,188.0,129.0,-37.8371,144.9478
ID408591067,103/677 Glen Huntly Rd,2,u,638000.0,19/11/2016,2.0,1.0,0.0,59.0,-37.8862,145.0175
ID485367808,30 Tucker St,4,h,771000.0,19/11/2016,2.0,2.0,647.0,49.0,-37.7089,144.9695
ID712319102,6 Oakdene Pl,3,h,2525000.0,3/06/2017,2.0,1.0,805.0,89.0,-37.7714,145.05963
ID636472299,23/530 Toorak Rd,2,u,511000.0,27/06/2016,1.0,2.0,0.0,49.0,-37.8424,145.0184
ID597720455,286 Tucker Rd,4,t,1425000.0,20/05/2017,2.0,2.0,314.0,19.0,-37.9084,145.0532
ID158468767,33 Fenton St,4,h,1750000.0,17/06/2017,2.0,1.0,360.0,109.0,-37.77459,144.92993
ID603010828,11/56 Darling St,1,u,687000.0,30/07/2016,1.0,2.0,0.0,8.0,-37.8352,144.9922
ID399049941,7/435 St Kilda St,2,u,655000.0,18/06/2016,1.0,1.0,0.0,54.0,-37.8902,144.9907
ID691723909,85 Victoria Cr,4,h,2500000.0,16/09/2017,3.0,3.0,402.0,69.0,-37.8137,145.11013
ID138686646,20 Locksley Rd,4,h,2400000.0,4/06/2016,2.0,2.0,1252.0,99.0,-37.7727,145.0484
ID191942336,25 James St,5,h,2505000.0,27/05/2017,2.0,0.0,739.0,92.0,-37.81708,145.09566
ID324580745,121 North Rd,3,h,1100000.0,25/02/2017,2.0,1.0,293.0,119.0,-37.8446,144.8859
ID193450443,3 Herbert St,3,h,1800000.0,10/09/2016,1.0,1.0,253.0,119.0,-37.8443,144.9579
ID594425766,4 Bennett St,3,h,1390000.0,3/12/2016,1.0,2.0,697.0,79.0,-37.851,145.1169
ID724062868,1 Moama St,3,h,765000.0,25/02/2017,1.0,1.0,658.0,59.0,-37.7905,144.8485
ID905323470,1/19 Glen Park Rd,3,u,500000.0,1/07/2017,1.0,2.0,263.0,49.0,-37.83303,145.27488
ID217704062,1/9 Binnie St,2,u,817500.0,3/09/2017,1.0,1.0,111.0,94.0,-37.92416,145.00658
ID932321043,12 Foam St,4,h,2400000.0,17/09/2016,2.0,4.0,802.0,84.0,-37.9379,145.0067
ID480447521,33 McCarron Pde,4,h,1635000.0,15/10/2016,1.0,2.0,638.0,119.0,-37.7523,144.9052
ID745896147,16 Charles St,5,h,2850000.0,10/09/2016,2.0,2.0,815.0,19.0,-37.8118,145.035
ID813351364,107/567 Glenferrie Rd,2,u,560000.0,16/07/2016,1.0,1.0,0.0,6.0,-37.8268,145.0344
ID161753455,8 Maribyrnong Ct,3,h,442000.0,17/06/2017,1.0,1.0,575.0,22.0,-37.88547,144.65528999999995
ID964888343,15/20 Florence Rd,3,u,880000.0,11/02/2017,1.0,2.0,217.0,49.0,-37.8287,145.1014
ID604033519,45 Charles St,2,h,1500000.0,4/06/2016,1.0,2.0,660.0,34.0,-37.8536,145.0911
ID929301817,24 Taylor St,3,h,1000000.0,4/03/2017,1.0,0.0,249.0,44.0,-37.7754,144.9806
ID843381080,203 Station St,3,h,2400000.0,8/04/2017,2.0,2.0,368.0,139.0,-37.8323,144.9463
ID130478520,5 Aroona Ct,3,h,1680000.0,22/07/2017,2.0,2.0,673.0,54.0,-37.76316,144.89799
ID906995087,60 Powell St,3,h,830000.0,14/05/2016,1.0,1.0,509.0,91.0,-37.7261,144.9983
ID567204735,38 Grandview Gr,2,h,950000.0,4/06/2016,1.0,3.0,649.0,69.0,-37.9424,145.0464
ID957091733,61 Steele St,4,h,1361500.0,10/12/2016,1.0,2.0,453.0,99.0,-37.7698,144.9336
ID501053980,364 Montague St,2,h,1562500.0,15/10/2016,1.0,0.0,141.0,129.0,-37.8424,144.9562
ID315119103,9 Kendall St,3,h,1875000.0,13/05/2017,2.0,2.0,270.0,60.0,-37.8805,144.9933
ID663215535,50 Major Rd,1,h,515000.0,12/08/2017,1.0,0.0,173.0,79.0,-37.70745,144.97046
ID915509738,109 Powell St,3,h,1320000.0,4/03/2017,2.0,2.0,473.0,99.0,-37.8217,144.8842
ID514055074,53 Ryan St,2,h,1170000.0,15/10/2016,1.0,1.0,184.0,119.0,-37.7988,144.90200000000004
ID949329851,91 Suffolk St,2,h,888000.0,20/05/2017,1.0,2.0,401.0,74.0,-37.7903,144.8703
ID658120630,2/7 Bellevue Av,2,u,746000.0,12/08/2017,1.0,2.0,239.0,69.0,-37.85148,145.15345
ID830189796,67 Ross St,3,h,1665000.0,1/07/2017,3.0,2.0,121.0,8.0,-37.83591,144.93648000000005
ID410851099,17/393 Toorak Rd,1,u,400000.0,14/05/2016,1.0,1.0,1424.0,49.0,-37.8402,145.0029
ID667123438,1/19 Patterson Rd,2,h,855000.0,7/11/2016,1.0,1.0,298.0,79.0,-37.9247,145.0287
ID632335676,6 Mandrel St,2,t,505500.0,17/06/2017,1.0,1.0,59.0,5.0,-37.778240000000004,144.87427
ID570729625,2/4 Southey Ct,2,u,640000.0,25/02/2017,1.0,0.0,0.0,79.0,-37.8757,144.987
ID333674789,7/59 Rathmines St,2,u,445000.0,10/12/2016,1.0,1.0,0.0,49.0,-37.7782,145.0162
ID582089114,3 Speers Ct,4,h,1600000.0,19/08/2017,2.0,2.0,4168.0,19.0,-37.746109999999994,145.17835
ID922769439,207/493 Victoria St,2,u,510000.0,8/07/2017,1.0,1.0,75.0,12.0,-37.80473,144.9435
ID305105298,12/1 Ruabon Rd,2,u,490000.0,15/10/2016,1.0,1.0,0.0,49.0,-37.8474,145.0078
ID826994456,89 Radnor St,3,h,1987000.0,4/06/2016,2.0,2.0,706.0,59.0,-37.8457,145.0611
ID497449387,91/390 Toorak Rd,2,u,1030000.0,12/06/2016,2.0,1.0,0.0,49.0,-37.8407,145.0043
ID909912856,305/28 Burnley St,1,u,327000.0,7/11/2016,1.0,1.0,0.0,7.0,-37.8127,145.0094
ID280010628,52 Glenroy Rd,2,h,741250.0,25/02/2017,1.0,1.0,668.0,64.0,-37.7067,144.9331
ID152462534,41 Monash St,3,h,1230000.0,8/10/2016,1.0,2.0,594.0,59.0,-37.7819,144.9064
ID231321375,101 Male St,3,h,1935000.0,3/06/2017,2.0,1.0,385.0,79.0,-37.91068,145.00394
ID371902937,11 Findon St,2,h,1036000.0,3/12/2016,1.0,1.0,310.0,109.0,-37.8717,145.0399
ID645014728,3/29 Fiddes St,2,t,742500.0,13/05/2017,1.0,1.0,179.0,18.0,-37.9369,145.0473
ID931955762,4 Vincent St,3,h,1480000.0,7/11/2016,2.0,2.0,697.0,94.0,-37.9269,145.0274
ID407133219,62A Williamstown Rd,2,h,735000.0,17/06/2017,1.0,1.0,170.0,79.0,-37.80635,144.8845
ID975242393,5 Malane St,4,h,1510000.0,18/03/2017,2.0,2.0,640.0,19.0,-37.9198,145.0545
ID332534469,4 Mercer Rd,3,h,3512500.0,27/11/2016,2.0,2.0,617.0,21.0,-37.8557,145.0264
ID968176576,59 Sellars St,3,h,850000.0,22/07/2017,1.0,2.0,766.0,45.0,-37.698209999999996,145.08995
ID672490289,39 Shand Rd,2,h,730000.0,28/08/2016,1.0,2.0,637.0,49.0,-37.7207,145.0196
ID321280089,6 MacArthur Av,4,h,1151000.0,26/08/2017,2.0,2.0,290.0,7.0,-37.77708,144.90913999999995
ID311857091,33 Brockhoff Dr,4,h,1255000.0,12/11/2016,2.0,2.0,438.0,14.0,-37.8599,145.1101
ID711723295,1/112 Roslyn St,2,u,1300000.0,4/03/2017,2.0,2.0,329.0,79.0,-37.9172,145.004
ID909364306,1/12 Hatfield Ct,6,u,520000.0,7/05/2016,2.0,1.0,0.0,49.0,-37.809,144.8686
ID922924557,5/25 Ashley St,2,u,300000.0,26/07/2016,1.0,1.0,87.0,49.0,-37.7174,145.0016
ID998432976,14 Irving St,3,h,4900000.0,3/06/2017,4.0,2.0,950.0,44.0,-37.85905,145.03229
ID650392186,2/41 Kangaroo Rd,3,u,1220500.0,24/06/2017,2.0,2.0,462.0,54.0,-37.89767,145.07332
ID481494637,301/228 The Avenue,3,u,1560000.0,27/05/2017,2.0,1.0,2431.0,69.0,-37.78212,144.95755
ID849752080,31 Hume St,2,h,1900000.0,18/03/2017,2.0,0.0,207.0,84.0,-37.8571,145.0224
ID790447390,166 Gipps St,3,h,1290000.0,25/02/2017,2.0,2.0,147.0,99.0,-37.805,144.9943
ID488562803,39 Elizabeth St,4,h,1860000.0,13/05/2017,3.0,2.0,620.0,13.0,-37.9228,145.0555
ID421811712,16/86 Graham Rd,2,u,555000.0,10/12/2016,1.0,2.0,197.0,39.0,-37.7393,145.0806
ID695725620,89A New St,3,t,730000.0,29/07/2017,2.0,2.0,340.0,19.0,-37.831720000000004,144.86683
ID841891213,61 Durham Rd,5,h,2100000.0,17/09/2016,4.0,3.0,827.0,49.0,-37.8323,145.0904
ID559033517,13/77 Rosanna Rd,2,u,420000.0,7/11/2016,1.0,1.0,158.0,49.0,-37.7512,145.0697
ID972164812,8/39 Maribyrnong Rd,3,t,762000.0,15/07/2017,1.0,1.0,0.0,109.0,-37.77261,144.92276
ID994137578,5 Russel Av,3,h,755000.0,22/07/2017,2.0,2.0,840.0,29.0,-38.02621,145.34635
ID716437213,434 Dorset Rd,3,h,725000.0,8/07/2017,1.0,2.0,802.0,39.0,-37.810829999999996,145.28791999999999
ID817459373,122 Victoria Rd,5,h,2775000.0,22/05/2016,3.0,2.0,864.0,64.0,-37.8231,145.0535
ID713631606,71 Hume Av,4,h,410000.0,9/09/2017,1.0,2.0,578.0,39.0,-37.710770000000004,144.57198
ID796021040,17 Payne St,3,h,586000.0,23/09/2017,1.0,1.0,534.0,59.0,-37.686409999999995,144.88487
ID342371208,4 Michael St,3,h,1370000.0,8/04/2017,1.0,2.0,743.0,8.0,-37.7703,145.1086
ID597385720,183a High St,3,u,751800.0,27/11/2016,1.0,2.0,109.0,18.0,-37.7749,145.1138
ID179826930,7/87 Gamon St,3,h,770000.0,3/12/2016,1.0,2.0,323.0,59.0,-37.8108,144.8899
ID647511478,14/21 Lillimur Rd,2,u,435000.0,10/09/2016,1.0,1.0,0.0,69.0,-37.9016,145.0414
ID292596775,295 Greenwood Dr,3,h,860500.0,24/09/2016,2.0,0.0,767.0,59.0,-37.7084,145.0788
ID831530496,13 Orlit Ct,4,h,545000.0,27/05/2017,2.0,2.0,635.0,34.0,-37.64051,145.05743
ID453261306,54 Elizabeth St,3,h,1197000.0,22/05/2016,1.0,2.0,692.0,70.0,-37.9232,145.0563
ID320018360,86 Hodgkinson St,2,h,1420000.0,8/10/2016,1.0,0.0,180.0,19.0,-37.7898,144.9903
ID369490795,14 New St,3,h,1300000.0,18/06/2016,1.0,2.0,212.0,119.0,-37.8542,145.0149
ID405832000,256 Stewart St,3,h,930000.0,4/03/2017,2.0,2.0,138.0,24.0,-37.7658,144.9823
ID369583446,6 Winterset Cl,4,h,1440000.0,12/08/2017,2.0,2.0,695.0,69.0,-38.00477,145.10078000000001
ID976341297,8/15 Wrexham Rd,2,u,580000.0,28/05/2016,1.0,1.0,0.0,49.0,-37.8565,145.0011
ID707383464,25 Hardy St,4,h,1500000.0,3/12/2016,3.0,1.0,365.0,129.0,-37.7624,144.9671
ID727751584,40 Smith St,2,h,970000.0,9/09/2017,1.0,0.0,82.0,119.0,-37.836059999999996,144.95164
ID114896262,2/121 Darebin Rd,2,u,605000.0,22/05/2016,1.0,1.0,133.0,99.0,-37.7641,145.0104
ID691059690,6A Duggan St,3,t,670000.0,6/05/2017,1.0,2.0,176.0,19.0,-37.7597,144.9404
ID573973089,452 Barkers Rd,5,h,3210000.0,18/03/2017,3.0,4.0,1011.0,114.0,-37.8165,145.0505
ID469847752,8/37 Victoria St,2,u,740000.0,8/04/2017,1.0,1.0,0.0,59.0,-37.8881,145.0097
ID624701047,27 Halpin St,3,h,1445000.0,24/06/2017,1.0,2.0,613.0,69.0,-37.76883,144.94592
ID630270562,4 Tudor Rd,5,h,1540500.0,9/09/2017,2.0,2.0,726.0,49.0,-37.78133,145.10833
ID342445933,7 Exon St,3,t,1405000.0,22/07/2017,2.0,2.0,220.0,5.0,-37.934870000000004,145.00093
ID959272567,27 McMahons Rd,3,h,864000.0,4/06/2016,1.0,2.0,565.0,69.0,-37.7283,144.969
ID386374522,4 College Pl,4,h,597000.0,29/07/2017,2.0,4.0,939.0,42.0,-37.57816,144.73431000000005
ID410553118,101/323 Dandenong Rd,2,u,690000.0,20/05/2017,2.0,2.0,1146.0,43.0,-37.8597,145.0093
ID971287943,15 Mara Cl,4,h,1330000.0,26/08/2017,2.0,2.0,717.0,39.0,-37.86887,145.22116
ID951232160,4/38 Alma St,2,u,650000.0,27/05/2017,2.0,2.0,248.0,24.0,-37.72473,145.11657
ID307719962,2/14 Jack Rd,3,t,950000.0,1/07/2017,3.0,2.0,160.0,6.0,-37.96062,145.04296000000005
ID752913405,92/99 Whiteman St,2,u,650000.0,6/08/2016,2.0,1.0,0.0,19.0,-37.8273,144.9556
ID486707406,5 Barce Pl,4,h,715000.0,19/11/2016,2.0,2.0,521.0,29.0,-37.738,145.0374
ID604735675,7 Thackeray Rd,3,h,928000.0,25/02/2017,1.0,1.0,696.0,54.0,-37.7218,145.015
ID315037731,25 Pender St,3,h,842000.0,16/07/2016,1.0,1.0,398.0,84.0,-37.7372,145.01
ID306936827,24 Daleglen St,1,h,351000.0,8/07/2017,1.0,1.0,168.0,69.0,-37.69828,145.02184
ID545215631,33a Clara St,2,h,1500000.0,12/06/2016,1.0,2.0,141.0,49.0,-37.8408,144.9977
ID569482387,8/220 Elgin St,2,u,705000.0,12/11/2016,1.0,1.0,0.0,19.0,-37.7969,144.9669
ID610288204,4 McPherson St,3,h,835000.0,23/04/2016,1.0,0.0,302.0,129.0,-37.758,144.9724
ID192477060,3/2 Garden Rd,2,u,715000.0,27/06/2016,1.0,1.0,194.0,24.0,-37.9107,145.0598
ID138460283,6 Blackwood Av,3,h,815000.0,23/09/2017,2.0,2.0,520.0,39.0,-37.98227,145.08133999999995
ID884884797,2 Day St,3,h,695000.0,29/07/2017,1.0,0.0,694.0,69.0,-37.788709999999995,144.81368999999995
ID901058930,24 Centaurus Av,3,h,393200.0,29/07/2017,1.0,1.0,400.0,49.0,-37.62464,144.9345
ID488110741,1/263 Union Rd,3,t,1130000.0,27/11/2016,2.0,2.0,217.0,6.0,-37.7704,144.9162
ID560652734,20 Gordon Gr,4,h,1965000.0,25/02/2017,2.0,1.0,300.0,129.0,-37.8638,145.0298
ID631663410,17 Rosedale Rd,2,h,1600000.0,18/06/2016,2.0,2.0,718.0,69.0,-37.858000000000004,145.0696
ID358491900,808/8 Kavanagh St,2,u,580000.0,18/03/2017,1.0,1.0,0.0,9.0,-37.8226,144.9667
ID408747028,13 Leslie St,4,h,760000.0,16/09/2017,2.0,2.0,536.0,54.0,-38.16363,145.11545
ID935818515,2 Eildon Dr,4,h,745000.0,3/06/2017,2.0,1.0,624.0,50.0,-37.9887,145.16158000000001
ID816208275,3/43 The Ridge,2,u,485000.0,8/07/2017,1.0,1.0,0.0,59.0,-37.82945,145.15697
ID984252401,6 Rose St,3,h,950000.0,22/07/2017,1.0,1.0,399.0,49.0,-37.87115,144.8189
ID447952533,52 Blanche St,3,h,920000.0,15/10/2016,2.0,2.0,124.0,19.0,-37.8656,144.9851
ID896121209,1/1017 Nepean Hwy,3,t,750000.0,7/05/2016,2.0,1.0,164.0,9.0,-37.9378,145.0385
ID247498090,22 Garfield St,2,h,990000.0,10/12/2016,1.0,1.0,117.0,119.0,-37.812,144.9939
ID695983415,4/37 St Kinnord St,1,u,280000.0,22/07/2017,1.0,1.0,0.0,49.0,-37.75875,144.9027
ID487294769,1/3 Gleniffer Av,2,u,585000.0,8/07/2017,1.0,1.0,0.0,69.0,-37.931709999999995,145.03041000000005
ID863128535,2/13 North St,2,u,510000.0,22/08/2016,1.0,1.0,141.0,44.0,-37.7202,144.8797
ID442918930,10 Coote St,3,t,1185000.0,23/04/2016,2.0,1.0,111.0,15.0,-37.8341,144.9541
ID529024137,252 Yallambie Rd,3,h,720000.0,24/09/2016,2.0,4.0,535.0,59.0,-37.7225,145.1037
ID880178595,1 Grosvenor Ct,3,u,1635000.0,10/09/2016,1.0,0.0,1099.0,49.0,-37.8438,145.0303
ID955049958,31 Boyce Av,3,h,830000.0,12/08/2017,1.0,2.0,905.0,57.0,-37.7063,145.12215
ID420434514,16 Rosa St,3,h,1509000.0,28/05/2016,2.0,2.0,812.0,59.0,-37.7714,145.1141
ID731823885,5 Evans Ct,3,h,586000.0,29/07/2017,1.0,1.0,677.0,39.0,-37.69265,144.92653
ID664663205,199 Barkers Rd,4,h,2150000.0,20/05/2017,4.0,2.0,543.0,59.0,-37.8144,145.0358
ID445272660,25 Kalimna St,5,h,2665000.0,22/08/2016,3.0,2.0,674.0,109.0,-37.8095,145.0782
ID685016460,5D Belson St,3,h,1275000.0,24/06/2017,2.0,2.0,161.0,59.0,-37.86779,145.04482
ID518571455,48a Celia St,4,t,1250000.0,17/09/2016,2.0,2.0,314.0,9.0,-37.9299,145.0598
ID959679005,15 Kingshott Cl,4,h,1500000.0,29/04/2017,3.0,2.0,450.0,13.0,-37.8617,144.8786
ID383490688,17 Goodman St,2,h,916000.0,24/09/2016,1.0,0.0,1328.0,129.0,-37.773,144.9568
ID331996850,60 Woiwurung Cr,2,t,631000.0,3/09/2017,2.0,1.0,1965.0,19.0,-37.73615,144.97455
ID114975676,2/825 Park St,1,u,440000.0,22/08/2016,1.0,1.0,0.0,129.0,-37.7769,144.9523
ID470810328,5 Amberley Ct,3,h,1230000.0,19/08/2017,1.0,1.0,757.0,39.0,-37.78094,145.10131
ID888984414,30 Cedar St,2,h,1001000.0,26/07/2016,2.0,1.0,255.0,129.0,-37.8887,145.0207
ID469847752,8/37 Victoria St,2,u,740000.0,8/04/2017,1.0,1.0,0.0,59.0,-37.8881,145.0097
ID920577912,23 Lygon St,2,h,825000.0,16/04/2016,1.0,1.0,367.0,89.0,-37.8995,145.0241
ID918335717,36 Davies St,3,h,1250000.0,24/06/2017,1.0,1.0,343.0,99.0,-37.84502,144.88612
ID700421251,11 Goshawk Ct,3,h,561000.0,17/06/2017,1.0,2.0,787.0,26.0,-38.10709,145.1744
ID289564860,52 Alexander St,2,h,990000.0,18/03/2017,1.0,2.0,306.0,89.0,-37.8037,144.8893
ID535847019,24 Tivoli Rd,3,h,1810000.0,24/06/2017,2.0,2.0,273.0,49.0,-37.8386,144.99851999999996
ID602086342,12 Rostrevor Pde,4,h,2335000.0,18/03/2017,2.0,2.0,813.0,81.0,-37.8118,145.1065
ID150231156,26 Maylands Av,3,h,1739000.0,12/08/2017,1.0,2.0,638.0,64.0,-37.798429999999996,145.06728
ID284573394,1 Lincoln Wy,4,h,430000.0,23/09/2017,1.0,3.0,675.0,39.0,-37.673629999999996,144.55888000000004
ID247661892,11 Newham Gr,4,h,1565000.0,27/05/2017,3.0,2.0,719.0,99.0,-37.90087,145.03959
ID142368845,13 Bridge Rd,3,h,341000.0,15/07/2017,2.0,4.0,578.0,8.0,-37.71432,144.57431
ID576537261,4/42 Passfield St,2,u,380000.0,15/10/2016,1.0,1.0,0.0,49.0,-37.7676,144.9394
ID958643849,6/20 Johnstone St,2,t,500000.0,16/07/2016,1.0,1.0,0.0,49.0,-37.8693,145.0348
ID862532519,7 Manly Ct,3,h,700000.0,7/05/2016,1.0,2.0,626.0,69.0,-37.7201,144.9696
ID896768222,13 Eveline St,4,h,480000.0,19/08/2017,2.0,2.0,312.0,4.0,-37.56857,144.91693999999995
ID984905474,6 Lovett Dr,4,h,1200000.0,4/06/2016,5.0,4.0,673.0,11.0,-37.7545,144.8736
ID948077677,9 McKenna Rd,3,h,1130000.0,29/07/2017,1.0,1.0,836.0,49.0,-37.89928,145.1474
ID996398390,2 Derry St,4,h,1740000.0,29/04/2017,2.0,2.0,746.0,69.0,-37.7595,144.8993
ID658475270,76 Argyle St,3,h,1550000.0,8/10/2016,2.0,3.0,477.0,5.0,-37.7661,144.9076
ID242522407,73/1 Riverside Qy,2,u,540000.0,24/09/2016,2.0,1.0,0.0,25.0,-37.821999999999996,144.9637
ID597624537,7 Power St,5,h,2020000.0,16/04/2016,2.0,2.0,611.0,22.0,-37.8116,145.0789
ID948427727,5/80 Burke Rd,1,u,315000.0,27/11/2016,1.0,1.0,0.0,79.0,-37.8704,145.0495
ID718338080,44 Manning Rd,5,h,2500000.0,14/05/2016,3.0,2.0,488.0,89.0,-37.8733,145.0507
ID177240473,342 Yallambie Rd,4,h,793000.0,18/03/2017,2.0,1.0,592.0,49.0,-37.728,145.1017
ID179804942,99 Grandview Rd,4,h,1480000.0,19/08/2017,3.0,2.0,649.0,83.0,-37.9163,145.19612
ID863652928,7 Allawah Cl,3,h,770000.0,23/09/2017,1.0,4.0,533.0,57.0,-37.98433,145.17041
ID808895379,44 Manatunga Cct,6,h,990000.0,1/07/2017,3.0,2.0,562.0,8.0,-37.69749,145.1058
ID881481483,16 Tashinny Rd,3,h,1689000.0,4/03/2017,1.0,0.0,222.0,99.0,-37.8448,145.0055
ID926321215,17 Tudor Ct,4,u,700000.0,29/07/2017,2.0,2.0,320.0,59.0,-38.032270000000004,145.11758999999995
ID396568662,11 Farringdon St,3,h,1000000.0,22/08/2016,1.0,2.0,858.0,24.0,-37.7273,144.9254
ID182235144,55 Elphinstone St,3,h,805000.0,27/06/2016,1.0,3.0,372.0,99.0,-37.796,144.8728
ID467850625,5/8 Murray St,2,u,500000.0,16/07/2016,1.0,1.0,0.0,49.0,-37.7595,144.9436
ID630505651,4 Anchor Pl,4,h,1805000.0,17/06/2017,2.0,1.0,105.0,4.0,-37.85102,144.99408
ID987385123,112 Johnston St,3,h,1230000.0,24/06/2017,1.0,1.0,396.0,119.0,-37.8363,144.87588
ID616683774,122 Stephen St,1,u,510000.0,11/02/2017,1.0,2.0,0.0,15.0,-37.8173,144.894
ID757342373,129 Liberty Pde,3,h,625000.0,28/05/2016,1.0,2.0,609.0,69.0,-37.7504,145.0335
ID116355661,4 Wannan Ct,3,h,800000.0,23/09/2017,1.0,2.0,602.0,39.0,-37.94146,145.11121
ID776695029,26 Leila Rd,3,h,1716000.0,28/08/2016,2.0,1.0,817.0,94.0,-37.9007,145.047
ID600358526,8a Anderson St,2,h,1420000.0,22/08/2016,1.0,1.0,348.0,49.0,-37.8672,145.0432
ID696369446,3/26 Ross St,3,h,800000.0,10/12/2016,2.0,2.0,331.0,9.0,-37.8847,144.9992
ID326067637,1/1 Clarendon St,3,t,650000.0,8/07/2017,2.0,2.0,159.0,3.0,-37.78502,144.86733
ID765895259,3/1 Elm St,1,u,480000.0,13/08/2016,1.0,1.0,0.0,79.0,-37.8128,145.0171
ID202530114,24 Robert St,4,h,1300000.0,10/12/2016,3.0,1.0,604.0,59.0,-37.7621,145.086
ID939598512,1101/265 Exhibition St,3,u,895000.0,22/04/2017,2.0,3.0,0.0,13.0,-37.8095,144.9691
ID965101638,3/14 Weir St,3,t,1385000.0,25/02/2017,2.0,2.0,190.0,59.0,-37.8164,145.0846
ID595538136,44 McLean Av,3,h,1300000.0,26/08/2017,2.0,2.0,566.0,59.0,-37.91469,145.02788999999999
ID990355952,6/229 Brighton Rd,2,u,696750.0,3/06/2017,1.0,1.0,0.0,89.0,-37.88094,144.99471
ID634535284,35 Finningley Dr,3,h,695000.0,27/05/2017,1.0,2.0,676.0,39.0,-37.69636,144.88265
ID431077528,91 Radnor St,4,h,2030000.0,28/05/2016,2.0,2.0,686.0,59.0,-37.8458,145.0611
ID145566530,3 Donald St,3,h,816000.0,15/10/2016,1.0,1.0,511.0,61.0,-37.7906,144.8387
ID487928981,38 Agnew St,3,h,1710000.0,17/09/2016,3.0,2.0,435.0,104.0,-37.91,145.0113
ID367887803,11 Vincent St,3,h,951000.0,27/11/2016,2.0,0.0,342.0,139.0,-37.743,144.95600000000005
ID846668143,39 Thoresby Gr,4,h,3020000.0,8/04/2017,2.0,1.0,1250.0,109.0,-37.7639,145.0506
ID710144671,15 Hardwick St,5,h,1020000.0,25/02/2017,2.0,4.0,381.0,34.0,-37.7492,144.969
ID235673101,1/4 Pepino Ct,3,h,467000.0,3/06/2017,2.0,1.0,268.0,11.0,-37.89347,144.66679
ID953922293,43 Gloucester St,3,h,890000.0,10/09/2016,2.0,2.0,634.0,19.0,-37.7199,144.9965
ID643614623,2/36 Empire St,2,u,310000.0,17/09/2016,1.0,1.0,0.0,6.0,-37.7878,144.8919
ID706290188,2/30 Fontein St,2,u,545000.0,18/03/2017,1.0,1.0,154.0,14.0,-37.8004,144.8647
ID505552790,3 Maralee Pl,3,h,1850000.0,7/11/2016,1.0,2.0,1073.0,59.0,-37.7772,145.1157
ID226811853,96 Roden St,3,h,2370000.0,4/06/2016,3.0,2.0,265.0,139.0,-37.8073,144.9481
ID432907951,52 Brighton St,2,h,1506000.0,7/05/2016,2.0,1.0,220.0,99.0,-37.8284,144.9989
ID624441685,2/635 Malvern Rd,2,u,876000.0,4/03/2017,1.0,1.0,649.0,84.0,-37.8486,145.00799999999995
ID228081354,15 Byron St,3,h,985000.0,9/09/2017,1.0,2.0,674.0,69.0,-37.93539000000001,145.11986000000005
ID946972942,10/5 St David St,3,u,850000.0,22/05/2016,2.0,1.0,2782.0,19.0,-37.8005,144.9787
ID269174386,11 Page St,3,h,1370000.0,13/08/2016,2.0,1.0,176.0,129.0,-37.7921,144.9898
ID601561027,12 Mell St,2,h,1900000.0,25/02/2017,2.0,0.0,218.0,14.0,-37.847,145.0064
ID999509620,16 Wendora St,3,h,1075000.0,24/09/2016,2.0,1.0,752.0,19.0,-37.7303,144.9198
ID792429107,4/49 Seymour Rd,3,t,1200000.0,22/07/2017,1.0,2.0,1405.0,54.0,-37.88065,145.01112
ID248471367,33 Burrows St,3,h,1410000.0,19/11/2016,1.0,1.0,375.0,89.0,-37.9175,144.9949
ID994619526,30 Cobram St,3,h,530000.0,22/07/2017,2.0,2.0,400.0,10.0,-37.833529999999996,144.67324
ID399370368,33 Haynes St,4,h,1820000.0,8/07/2017,2.0,2.0,680.0,13.0,-37.94882,145.03111
ID959007253,2/422 St Kilda St,3,t,1475000.0,7/11/2016,2.0,2.0,345.0,19.0,-37.8943,144.9907
ID731645331,1/1 Perry St,4,t,1105000.0,30/07/2016,2.0,2.0,220.0,4.0,-37.9387,145.0398
ID955371592,5/33 Goodwood St,2,u,630000.0,8/07/2017,1.0,1.0,0.0,49.0,-37.81977,144.99597
ID137333986,44 Challis St,2,h,800000.0,4/03/2017,1.0,1.0,244.0,79.0,-37.846,144.8729
ID472390759,301/89 River St,2,u,930000.0,3/09/2016,2.0,2.0,0.0,19.0,-37.8361,144.9966
ID764765466,21a Station Rd,3,t,935000.0,16/04/2016,2.0,1.0,233.0,17.0,-37.8573,144.8911
ID734868535,25 Allan St,4,h,875000.0,8/10/2016,1.0,4.0,559.0,54.0,-37.8448,144.8529
ID960511844,44/100 Commercial Rd,3,u,940000.0,12/08/2017,2.0,3.0,0.0,89.0,-37.8453,144.98487
ID755883072,5/143 Canterbury Rd,1,u,400000.0,8/10/2016,1.0,1.0,0.0,89.0,-37.8522,144.9678
ID881593158,2/360 Carlisle St,2,u,820000.0,19/11/2016,1.0,1.0,0.0,59.0,-37.8691,144.9974
ID984547763,34 Tindales Rd,3,h,400000.0,22/07/2017,2.0,1.0,213.0,4.0,-37.60983,145.03874
ID464685590,29 Elliott Cr,3,h,800000.0,15/07/2017,2.0,4.0,801.0,39.0,-37.98596,145.13187
ID474719080,14 Arthur St,2,h,1065000.0,15/10/2016,1.0,3.0,507.0,109.0,-37.7437,144.9995
ID428329819,6 Ibis Pl,4,h,1230000.0,28/08/2016,3.0,2.0,270.0,10.0,-37.7847,144.8962
ID721140203,24 Home St,4,h,1162000.0,27/11/2016,3.0,4.0,695.0,59.0,-37.7264,145.0198
ID452493639,85 Martins La,4,h,920250.0,4/03/2017,2.0,2.0,558.0,49.0,-37.7328,145.0916
ID917912718,3/14 Malane St,3,h,750000.0,18/06/2016,2.0,1.0,188.0,9.0,-37.9193,145.0553
ID424312484,23 Cromwell St,3,h,660000.0,28/08/2016,1.0,2.0,657.0,69.0,-37.7019,144.9225
ID400247346,84 Chestnut St,2,h,831000.0,22/05/2016,1.0,0.0,128.0,4.0,-37.8291,144.9952
ID683806090,41 Highfield Rd,3,h,1209000.0,9/09/2017,1.0,2.0,635.0,49.0,-37.78649,145.16773999999995
ID795900316,43 Oswin St,4,h,2490000.0,3/09/2016,2.0,2.0,712.0,129.0,-37.7936,145.0566
ID444281555,32 Luckins Rd,3,h,1135000.0,8/10/2016,1.0,2.0,627.0,71.0,-37.9321,145.0472
ID127106007,9 Lyric St,4,h,1117000.0,25/02/2017,3.0,2.0,325.0,14.0,-37.7822,144.8922
ID589650660,11 Kerferd St,2,h,941000.0,13/05/2017,1.0,2.0,413.0,29.0,-37.7355,144.9545
ID479052371,21 Greig St,3,h,2500000.0,3/06/2017,2.0,1.0,165.0,129.0,-37.84152,144.95027
ID926874441,35 Kings Rd,2,h,655000.0,29/07/2017,1.0,0.0,1000.0,39.0,-37.930640000000004,145.4453
ID631497594,4 Ella Ct,4,h,1300000.0,8/04/2017,2.0,2.0,872.0,49.0,-37.7906,145.1138
ID196566494,5A Overman Ct,4,t,1162500.0,20/05/2017,2.0,1.0,230.0,5.0,-37.7547,144.9239
ID769386824,54 Devon Dr,3,h,1120000.0,29/07/2017,1.0,1.0,725.0,54.0,-37.79509,145.15591
ID856539073,2/111 Thomas St,3,t,940000.0,16/04/2016,2.0,3.0,0.0,15.0,-37.9089,145.0246
ID117855527,5 Ryde St,3,h,1040000.0,17/09/2016,1.0,2.0,555.0,94.0,-37.7491,144.985
ID460218911,18 Henricks Ct,3,h,610000.0,1/07/2017,1.0,1.0,560.0,19.0,-37.66903,145.05091000000004
ID468864800,13 Ramsay Av,3,h,2118000.0,19/08/2017,2.0,2.0,664.0,89.0,-37.79639,145.04595
ID590128057,403/77 Village Wy,2,u,440000.0,15/07/2017,1.0,2.0,0.0,16.0,-37.77117,144.88041
ID933094344,90 Cooper St,4,h,1295000.0,15/10/2016,2.0,2.0,696.0,44.0,-37.7465,144.8983
ID242067808,5/8 Violet St,2,u,440000.0,27/11/2016,1.0,1.0,1011.0,49.0,-37.7556,144.9132
ID854243004,36 Elm Gr,3,h,1695000.0,17/09/2016,1.0,3.0,210.0,119.0,-37.8247,145.0001
ID945267751,2 Cherry St,5,h,1285000.0,19/08/2017,2.0,1.0,651.0,49.0,-37.8656,145.15034
ID241267162,53 Mangalore St,4,h,1740000.0,22/05/2016,3.0,2.0,650.0,94.0,-37.7796,144.935
ID954357162,2/11 Blackburn St,2,u,823000.0,17/09/2016,1.0,2.0,165.0,49.0,-37.821999999999996,145.0989
ID728903368,68 Nyah St,3,h,1001000.0,17/06/2017,1.0,2.0,605.0,41.0,-37.73137,144.86882
ID352187911,2/116 Summerhill Rd,3,h,540000.0,11/02/2017,2.0,2.0,215.0,16.0,-37.7257,145.0243
ID550936346,603/29 Nicholson St,2,u,615000.0,29/07/2017,1.0,1.0,0.0,11.0,-37.77887,144.97797
ID880656809,56 Pecham St,3,h,621000.0,22/04/2017,1.0,1.0,694.0,49.0,-37.6977,144.9116
ID348047579,74 Dudley St,4,h,1900000.0,15/07/2017,1.0,2.0,168.0,6.0,-37.808840000000004,144.95291
ID795500302,2/403 Toorak Rd,1,u,360500.0,8/10/2016,1.0,1.0,0.0,59.0,-37.8404,145.0045
ID801173898,23 Wakefield St,3,h,1190000.0,20/05/2017,2.0,1.0,180.0,7.0,-37.7973,144.9208
ID138732004,14 Arthur St,3,h,1365000.0,3/09/2016,1.0,0.0,513.0,99.0,-37.8678,145.02700000000004
ID125355656,6/23 Daisy St,2,u,468000.0,29/07/2017,1.0,1.0,0.0,19.0,-37.75465,144.9107
ID772736178,14 Vaynor St,3,h,1105000.0,28/05/2016,1.0,1.0,643.0,69.0,-37.7449,144.8899
ID989984415,40 Wetherby Rd,4,h,1100000.0,13/05/2017,3.0,2.0,661.0,54.0,-37.7905,145.1433
ID129556166,25 Panorama St,3,h,1462000.0,17/06/2017,1.0,1.0,816.0,54.0,-37.92027,145.12937
ID754507287,416 Serpells Tce,4,h,1200000.0,19/08/2017,2.0,2.0,375.0,21.0,-37.77559,145.17933
ID472390759,301/89 River St,2,u,930000.0,3/09/2016,2.0,2.0,0.0,19.0,-37.8361,144.9966
ID390320712,14 Victory St,2,h,883000.0,27/05/2017,1.0,1.0,697.0,59.0,-37.81808,145.2057
ID395454946,104 Ayr St,4,h,1260000.0,23/09/2017,3.0,3.0,730.0,7.0,-37.77871,145.10356000000004
ID641726677,13 Maylands St,3,h,685000.0,18/03/2017,1.0,1.0,697.0,69.0,-37.7765,144.8175
ID405860565,2/15 Scott Gr,3,t,1253000.0,8/04/2017,2.0,2.0,0.0,24.0,-37.8574,145.0494
ID551876003,18 Vickery St,4,h,2525000.0,9/09/2017,2.0,2.0,576.0,119.0,-37.87427,145.05014
ID236752982,76 Ogilvie St,3,h,960000.0,4/03/2017,1.0,2.0,549.0,69.0,-37.7479,144.8931
ID487350958,408/1 Brunswick Rd,1,u,390500.0,22/07/2017,1.0,1.0,0.0,8.0,-37.77883,144.9776
ID170639628,181 Rae St,2,h,937500.0,23/04/2016,1.0,0.0,100.0,129.0,-37.788000000000004,144.9791
ID563290249,61 Pardy St,3,h,940000.0,29/07/2017,1.0,1.0,559.0,64.0,-37.7327,144.92966
ID236752982,76 Ogilvie St,3,h,960000.0,4/03/2017,1.0,2.0,549.0,69.0,-37.7479,144.8931
ID282152385,73 Pecham St,3,h,963500.0,27/05/2017,2.0,6.0,697.0,59.0,-37.69647,144.9113
ID670979266,41 Gordon St,3,t,950000.0,29/07/2017,2.0,2.0,211.0,49.0,-37.83712,144.86686
ID128640315,13/52 Moubray St,1,u,442500.0,25/02/2017,1.0,0.0,0.0,49.0,-37.8421,144.9517
ID177686017,10 Yuluma Ct,4,h,600500.0,22/07/2017,2.0,2.0,580.0,59.0,-38.13805,145.16668
ID716477035,102 Palmerston St,4,h,405000.0,24/06/2017,2.0,2.0,590.0,49.0,-37.67815,144.58355
ID300054245,484 Waterdale Rd,3,h,915000.0,25/02/2017,1.0,1.0,748.0,69.0,-37.7416,145.0481
ID542907447,40 Kennedy St,3,h,1208000.0,12/11/2016,1.0,1.0,747.0,24.0,-37.9198,145.0791
ID470285370,1/36 Pleasant Rd,4,t,1738000.0,15/10/2016,3.0,2.0,324.0,17.0,-37.8348,145.0503
ID128764817,20 Cuthbert Dr,3,h,660000.0,24/06/2017,2.0,2.0,666.0,17.0,-37.68381,144.73331000000005
ID793408957,8/37 Kensington Rd,2,u,506000.0,27/11/2016,1.0,1.0,0.0,13.0,-37.7952,144.9262
ID396792128,85 Richardson St,2,h,1455000.0,3/09/2016,1.0,0.0,159.0,119.0,-37.845,144.9538
ID905624449,40 Lyndarum Dr,3,h,630000.0,15/07/2017,2.0,2.0,388.0,7.0,-37.628640000000004,145.02265
ID253136379,112 Francis St,2,h,740000.0,25/02/2017,1.0,0.0,261.0,99.0,-37.8209,144.8896
ID707383464,25 Hardy St,4,h,1500000.0,3/12/2016,3.0,1.0,365.0,129.0,-37.7624,144.9671
ID162313020,54 Timele Dr,3,h,480000.0,24/06/2017,2.0,1.0,320.0,17.0,-37.703379999999996,144.74854
ID934147816,27 Westbourne St,3,h,1442000.0,30/07/2016,1.0,2.0,199.0,119.0,-37.8494,145.005
ID430980480,1/39 Harrison St,3,u,775000.0,27/05/2017,1.0,2.0,208.0,44.0,-37.8135,145.19971999999999
ID129250491,5 Hanover St,3,h,985000.0,22/05/2016,1.0,2.0,384.0,79.0,-37.7626,144.9535
ID263604409,9 Katta Ct,3,h,1060000.0,16/07/2016,1.0,2.0,772.0,89.0,-37.8707,145.1036
ID495748452,23 MacKay St,2,h,1255000.0,25/02/2017,1.0,1.0,0.0,99.0,-37.7488,144.9165
ID242885519,13 McKay St,3,h,1150000.0,8/10/2016,1.0,0.0,176.0,119.0,-37.8116,145.0042
ID337914978,1/36 The Avenue,2,u,585000.0,15/07/2017,1.0,1.0,598.0,44.0,-37.87149,144.99746000000005
ID620928986,22 Contursi Dr,3,h,471000.0,17/06/2017,2.0,1.0,338.0,19.0,-37.705,144.75759
ID432484070,49/2 Exhibition St,1,u,659000.0,10/09/2016,1.0,1.0,0.0,13.0,-37.8157,144.9727
ID783408966,2/532 Orrong Rd,2,u,565000.0,28/08/2016,1.0,1.0,0.0,79.0,-37.8573,145.0112
ID633909279,2 Kerang Av,3,h,760000.0,8/07/2017,1.0,1.0,606.0,69.0,-37.72057,145.02615
ID492846252,17/34 Mathoura Rd,1,u,366000.0,18/06/2016,1.0,1.0,0.0,52.0,-37.8464,145.0074
ID894574522,39 York St,4,h,2760000.0,27/11/2016,2.0,4.0,924.0,99.0,-37.8168,145.1011
ID968176576,59 Sellars St,3,h,850000.0,22/07/2017,1.0,2.0,766.0,45.0,-37.698209999999996,145.08995
ID762107960,64 Union St,3,h,1860000.0,16/04/2016,3.0,1.0,448.0,24.0,-37.7792,144.9951
ID143755002,5/121 Wellington St,2,u,420500.0,28/05/2016,1.0,1.0,0.0,49.0,-37.783,144.93200000000004
ID240817077,86 Francis St,3,h,1042000.0,15/07/2017,1.0,1.0,358.0,29.0,-37.82116,144.89181000000005
ID734905860,37 Stirling St,3,h,1362000.0,3/12/2016,2.0,0.0,497.0,129.0,-37.7958,144.9024
ID711106974,25 Francis St,4,h,918000.0,11/02/2017,2.0,2.0,763.0,59.0,-37.7123,144.9426
ID991635599,23 Jacana St,3,h,1000000.0,27/11/2016,1.0,2.0,630.0,59.0,-37.8838,145.102
ID691902966,8/25 Omama Rd,1,u,295000.0,29/07/2017,1.0,1.0,0.0,49.0,-37.89022,145.07333
ID655501580,8/97 Verdon St,2,u,465000.0,13/05/2017,1.0,1.0,0.0,49.0,-37.8589,144.8921
ID829225649,18 Valencia St,5,h,1472000.0,22/07/2017,3.0,2.0,486.0,49.0,-37.761109999999995,144.89845
ID817984950,2/50 Gibdon St,3,h,1100000.0,17/06/2017,2.0,2.0,1212.0,9.0,-37.82982,145.01038
ID730924889,54 Cromwell St,4,h,630000.0,22/05/2016,1.0,2.0,630.0,59.0,-37.7002,144.9232
ID814267076,6/107 Riversdale Rd,2,u,500000.0,6/08/2016,1.0,1.0,0.0,12.0,-37.8287,145.035
ID443952399,1/3 Euston Rd,3,t,900000.0,26/07/2016,2.0,1.0,360.0,44.0,-37.8937,145.0779
ID930345203,11/2 MacArthur Rd,2,u,734600.0,22/08/2016,2.0,1.0,2427.0,29.0,-37.7896,144.9584
ID995549207,5 Gwelo St,3,h,935000.0,27/11/2016,2.0,3.0,466.0,79.0,-37.8019,144.8663
ID282152385,73 Pecham St,3,h,963500.0,27/05/2017,2.0,6.0,697.0,59.0,-37.69647,144.9113
ID946568336,41 Roseberry St,2,h,1700000.0,19/08/2017,1.0,1.0,223.0,129.0,-37.82649,145.0483
ID683657834,49 Kanooka Gr,3,h,450000.0,29/07/2017,1.0,0.0,585.0,59.0,-37.99608,145.23587
ID999876702,126 Mills St,2,h,1535000.0,1/07/2017,1.0,0.0,171.0,119.0,-37.8481,144.9566
ID468314222,21 Gaudion Rd,4,h,1310000.0,23/09/2017,2.0,2.0,664.0,7.0,-37.77472,145.15197
ID329793744,46 Chambers Rd,5,h,1500000.0,8/07/2017,3.0,2.0,1068.0,19.0,-37.83794,144.84231
ID845077057,9 Greensborough Rd,3,h,515000.0,24/09/2016,2.0,1.0,606.0,64.0,-37.7347,145.0783
ID867658909,7 Adeney St,5,h,2400000.0,22/07/2017,4.0,2.0,742.0,39.0,-37.80218,145.10063
ID836063319,65 Westgarth St,3,h,1415000.0,1/07/2017,1.0,1.0,366.0,8.0,-37.78103,144.998
ID972981070,11 Heytesbury Cr,3,h,607500.0,22/07/2017,2.0,2.0,654.0,20.0,-37.6038,144.9226
ID114427530,44 Denbigh Rd,4,h,3625000.0,27/11/2016,1.0,2.0,709.0,119.0,-37.8574,145.016
ID140084968,14 Oxford St,3,h,905000.0,27/05/2017,1.0,4.0,697.0,69.0,-37.77004,144.84253999999999
ID676991427,9a The Crossway,3,h,650000.0,7/05/2016,2.0,2.0,3977.0,6.0,-37.747,144.8663
ID367390293,7/7 Old Plenty Rd,3,u,386000.0,1/07/2017,1.0,1.0,216.0,10.0,-37.644909999999996,145.09233
ID951542803,21 Derwent St,4,h,1322000.0,8/07/2017,2.0,2.0,556.0,47.0,-37.97911,145.08045
ID737128094,3 Kimber St,3,h,1330000.0,22/04/2017,1.0,1.0,154.0,119.0,-37.8264,145.0123
ID252783547,10 Leura St,5,h,1730000.0,9/09/2017,2.0,2.0,746.0,49.0,-37.78658,145.16086
ID784871180,17 Bannister St,4,h,618000.0,20/05/2017,1.0,2.0,604.0,49.0,-37.6875,144.9102
ID912271900,110 Allenby Rd,4,h,628000.0,16/09/2017,2.0,1.0,480.0,16.0,-37.70228,144.74316000000005
ID476224218,2 Fernhurst Gr,4,h,2450000.0,24/09/2016,2.0,2.0,1012.0,119.0,-37.8067,145.0277
ID753124468,18 Francis St,2,h,780000.0,20/05/2017,1.0,1.0,433.0,79.0,-37.7521,145.0516
ID976494207,119A Harold St,4,h,1605000.0,16/09/2017,2.0,2.0,348.0,89.0,-37.75582,144.98951
ID450328188,411/38 Bank St,3,u,710000.0,29/04/2017,2.0,2.0,0.0,18.0,-37.8319,144.9682
ID578458110,31a Douglas St,3,u,1045000.0,4/03/2017,2.0,2.0,467.0,69.0,-37.8639,145.0968
ID353055138,5/40 Young St,2,u,348000.0,3/12/2016,1.0,1.0,0.0,12.0,-37.7677,144.9221
ID589073637,141 Gold St,2,h,845500.0,7/05/2016,1.0,1.0,179.0,129.0,-37.7742,144.9542
ID314670884,25 Bliburg St,3,h,495000.0,27/11/2016,1.0,2.0,598.0,54.0,-37.6878,144.9112
ID328332026,33 Highgate Gr,4,h,1790000.0,28/05/2016,2.0,2.0,514.0,84.0,-37.8664,145.0772
ID355296056,2/8 Pleasant Av,3,h,1080000.0,15/07/2017,2.0,2.0,151.0,59.0,-37.80509,145.05572
ID330878716,14 Robert St,3,h,1060000.0,26/08/2017,1.0,2.0,602.0,69.0,-37.98656,145.08237
ID775615618,12 Hughes St,3,h,1775000.0,3/09/2017,1.0,1.0,602.0,94.0,-37.92066,145.01629
ID279354741,1107/12 Yarra St,1,u,425000.0,13/08/2016,1.0,1.0,0.0,12.0,-37.836999999999996,144.9931
ID922031501,31A Gnarwyn Rd,2,t,817500.0,24/06/2017,1.0,1.0,292.0,109.0,-37.89431,145.05902
ID426483422,53 Elwood St,4,h,2830000.0,26/08/2017,2.0,2.0,700.0,89.0,-37.90034,144.99608999999995
ID858879650,120/1 Graham St,3,u,1725000.0,3/06/2017,2.0,2.0,0.0,19.0,-37.8429,144.94487
ID724807509,5 Stanley St,3,h,1465000.0,10/09/2016,1.0,2.0,630.0,59.0,-37.7635,145.039
ID398508331,3/18 Weir St,2,h,500000.0,7/05/2016,1.0,1.0,0.0,59.0,-37.8162,145.0841
ID512732811,11/1051 Pascoe Vale Rd,2,u,280000.0,16/04/2016,1.0,1.0,197.0,69.0,-37.6859,144.9164
ID642164438,46A Schutt St,4,h,923000.0,12/08/2017,2.0,2.0,224.0,2.0,-37.83859,144.88128
ID448004570,32 Milton St,3,h,1830000.0,28/05/2016,2.0,2.0,374.0,94.0,-37.8747,144.987
ID741279964,39 Henry St,3,h,1455000.0,10/12/2016,1.0,0.0,275.0,119.0,-37.7954,144.9274
ID134660547,60 Riddell Rd,3,h,482000.0,16/09/2017,1.0,1.0,573.0,54.0,-37.57123,144.72333999999995
ID384557170,7 Fairbairn Rd,3,h,520000.0,3/06/2017,2.0,2.0,535.0,39.0,-37.79414000000001,144.81855
ID143777338,65B Hotham St,2,h,1320000.0,4/03/2017,2.0,1.0,0.0,119.0,-37.7969,144.9885
ID733934622,15 Eveline St,4,h,1630000.0,23/09/2017,2.0,1.0,278.0,139.0,-37.77081,144.96318
ID343630339,90 Pitt St,4,h,837000.0,4/03/2017,2.0,3.0,390.0,69.0,-37.7926,144.8639
ID416092763,72d Oakover Rd,3,t,875000.0,24/06/2017,2.0,2.0,214.0,79.0,-37.74886,144.99225
ID944703169,1/168 Beach Rd,4,h,2185000.0,8/07/2017,2.0,3.0,220.0,9.0,-38.00205,145.07853
ID687829941,2/36 Swayfield Rd,3,t,1011000.0,3/06/2017,2.0,2.0,297.0,18.0,-37.8605,145.12853
ID855655423,1/132 Pascoe Vale Rd,4,t,726000.0,22/05/2016,2.0,1.0,67.0,19.0,-37.760999999999996,144.9262
ID543591938,9/28 Ross St,1,u,340000.0,28/08/2016,1.0,1.0,0.0,109.0,-37.7839,144.9991
ID641506767,1/50 Valiant St,4,t,1525000.0,12/08/2017,2.0,2.0,102.0,139.0,-37.801159999999996,145.00066
ID519659933,23 Park St,2,h,1015000.0,23/09/2017,1.0,1.0,145.0,89.0,-37.7754,144.99275
ID180678136,6/30 Roslyn St,2,u,760000.0,29/07/2017,1.0,1.0,138.0,39.0,-37.92545,145.00277
ID947915088,3/38 Charles St,2,t,750000.0,10/09/2016,2.0,1.0,118.0,6.0,-37.7723,144.9643
ID715986380,318/6 Lisson Gr,1,u,485000.0,28/08/2016,1.0,1.0,0.0,19.0,-37.8264,145.02700000000004
ID550141293,1A Aberfeldie St,3,h,1195000.0,9/09/2017,2.0,2.0,381.0,113.0,-37.75629,144.90626
ID457806793,131 Outhwaite Rd,3,h,675000.0,28/08/2016,1.0,2.0,665.0,59.0,-37.739000000000004,145.0451
ID975910789,12A Almond St,2,h,997000.0,29/04/2017,1.0,2.0,311.0,94.0,-37.8895,145.0229
ID526266913,34 Crana Gr,3,h,922000.0,16/09/2017,2.0,2.0,587.0,40.0,-37.68569,145.10902
ID637954773,22 Derby St,3,h,835000.0,12/11/2016,1.0,2.0,422.0,69.0,-37.7337,144.9458
ID389916108,44 Severn St,3,h,1930000.0,10/12/2016,1.0,4.0,902.0,99.0,-37.8153,144.8796
ID630270562,4 Tudor Rd,5,h,1540500.0,9/09/2017,2.0,2.0,726.0,49.0,-37.78133,145.10833
ID389916108,44 Severn St,3,h,1930000.0,10/12/2016,1.0,4.0,902.0,99.0,-37.8153,144.8796
ID776237930,105 Canning St,3,h,848000.0,4/03/2017,1.0,2.0,542.0,2.0,-37.7706,144.8629
ID982693548,26 Hodder St,2,h,1250000.0,3/12/2016,1.0,2.0,443.0,11.0,-37.9077,145.0229
ID521656880,239 Punt Rd,3,h,1570000.0,27/06/2016,1.0,2.0,248.0,59.0,-37.8198,144.9899
ID376317046,19 Hunter St,2,h,890000.0,14/05/2016,1.0,1.0,225.0,109.0,-37.7663,145.0009
ID129859438,13/947 Mt Alexander Rd,2,u,485000.0,15/10/2016,1.0,1.0,0.0,9.0,-37.7504,144.9138
ID139220703,70 Purnell St,3,h,1005000.0,27/05/2017,1.0,4.0,575.0,59.0,-37.86715,144.80612
ID597680928,16 Tooronga Rd,3,h,2020000.0,13/05/2017,2.0,2.0,711.0,104.0,-37.8723,145.0387
ID363669890,41 Service St,3,h,1130000.0,12/11/2016,1.0,2.0,735.0,99.0,-37.7379,144.9623
ID852321571,55 Burnett St,4,h,1120000.0,16/09/2017,2.0,2.0,981.0,16.0,-37.81188,145.20051999999995
ID807535202,5/3 Lennox St,2,u,420000.0,10/09/2016,1.0,1.0,0.0,69.0,-37.7701,144.9079
ID518384296,1/171 Waiora Rd,3,u,630000.0,27/05/2017,1.0,1.0,277.0,6.0,-37.73426,145.05986000000001
ID491439829,40/122 High St,3,u,550000.0,27/05/2017,2.0,1.0,0.0,7.0,-37.74762,145.00261
ID494072313,277 Danks St,3,h,2600000.0,3/09/2016,1.0,1.0,279.0,119.0,-37.8499,144.957
ID433157825,20 Hilton St,2,h,973000.0,12/08/2017,1.0,0.0,163.0,49.0,-37.793,144.98763
ID370628727,306/64 MacAulay Rd,2,u,465000.0,22/07/2017,1.0,1.0,0.0,9.0,-37.79831,144.94261
ID553858713,6/40 Magnolia Rd,3,u,910000.0,3/06/2017,2.0,1.0,0.0,13.0,-37.75822,145.05056000000005
ID258452988,9/10 Tivoli Rd,2,u,475000.0,3/09/2016,1.0,0.0,0.0,19.0,-37.8391,144.9984
ID762787100,5a Cavalier St,3,t,965000.0,24/09/2016,2.0,1.0,283.0,9.0,-37.9142,145.08
ID614976589,5 Florida Ct,4,h,1385000.0,14/05/2016,2.0,2.0,807.0,19.0,-37.9431,145.0407
ID177027967,18 Lorraine St,4,h,2355000.0,25/02/2017,2.0,3.0,715.0,99.0,-37.7582,144.9128
ID904572980,2/107 Station St,2,u,700000.0,3/06/2017,1.0,1.0,251.0,44.0,-37.84738,145.11997
ID676559199,47B Vannam Dr,3,t,1060000.0,22/07/2017,2.0,2.0,343.0,19.0,-37.86324000000001,145.10289
ID399251660,30 Veronica St,2,h,825000.0,3/09/2016,2.0,1.0,176.0,11.0,-37.9237,145.0763
ID146714612,75 Derby St,4,h,1910000.0,10/12/2016,3.0,2.0,277.0,3.0,-37.8007,145.0374
ID335742646,12 Orion Ct,3,h,912000.0,16/09/2017,2.0,1.0,753.0,49.0,-37.9213,145.16366000000005
ID841559360,34 Dean St,4,h,910000.0,12/11/2016,1.0,1.0,582.0,69.0,-37.7355,145.0178
ID637311098,3/302 Grange Rd,2,u,405000.0,28/08/2016,1.0,1.0,0.0,49.0,-37.9031,145.0444
ID463994671,2/7 Murra Ct,3,h,860000.0,17/06/2017,2.0,2.0,280.0,29.0,-37.87105,145.10198
ID631497594,4 Ella Ct,4,h,1300000.0,8/04/2017,2.0,2.0,872.0,49.0,-37.7906,145.1138
ID713631606,71 Hume Av,4,h,410000.0,9/09/2017,1.0,2.0,578.0,39.0,-37.710770000000004,144.57198
ID198657690,25 Faversham Rd,4,h,2510000.0,13/05/2017,3.0,2.0,789.0,99.0,-37.8214,145.0843
ID877736099,13 Rosemary Dr,3,h,572000.0,27/05/2017,1.0,2.0,640.0,44.0,-37.6591,145.00548999999995
ID337914978,1/36 The Avenue,2,u,585000.0,15/07/2017,1.0,1.0,598.0,44.0,-37.87149,144.99746000000005
ID828387705,13 McDougall St,2,h,619000.0,13/08/2016,1.0,2.0,640.0,49.0,-37.7038,144.9638
ID286614327,11 Rebecca Cl,5,h,835500.0,29/07/2017,5.0,4.0,570.0,29.0,-38.03335,145.13212
ID187135066,39 Wilkinson St,2,h,800000.0,3/09/2017,1.0,0.0,140.0,129.0,-37.76806,144.9598
ID582089114,3 Speers Ct,4,h,1600000.0,19/08/2017,2.0,2.0,4168.0,19.0,-37.746109999999994,145.17835
ID634535284,35 Finningley Dr,3,h,695000.0,27/05/2017,1.0,2.0,676.0,39.0,-37.69636,144.88265
ID158999276,124 Cole St,4,h,1761000.0,6/08/2016,2.0,3.0,615.0,99.0,-37.8956,145.0026
ID474719080,14 Arthur St,2,h,1065000.0,15/10/2016,1.0,3.0,507.0,109.0,-37.7437,144.9995
ID550141293,1A Aberfeldie St,3,h,1195000.0,9/09/2017,2.0,2.0,381.0,113.0,-37.75629,144.90626
ID494300549,37 Roberts St,3,h,891000.0,18/06/2016,3.0,1.0,292.0,21.0,-37.7505,144.8657
ID754507287,416 Serpells Tce,4,h,1200000.0,19/08/2017,2.0,2.0,375.0,21.0,-37.77559,145.17933
ID428230767,1/6 Corhampton Rd,3,u,1600000.0,29/07/2017,2.0,2.0,314.0,7.0,-37.793859999999995,145.06746
ID512732811,11/1051 Pascoe Vale Rd,2,u,280000.0,16/04/2016,1.0,1.0,197.0,69.0,-37.6859,144.9164
ID309630222,7 Eaglet Ct,4,h,720000.0,3/06/2017,2.0,3.0,649.0,34.0,-37.676809999999996,145.06413999999995
ID354076401,8 Norma Ct,3,h,850000.0,3/09/2016,1.0,1.0,593.0,49.0,-37.7677,144.8674
ID959679005,15 Kingshott Cl,4,h,1500000.0,29/04/2017,3.0,2.0,450.0,13.0,-37.8617,144.8786
